AAL;AAR;D38;0:25;10:40;11:5
AAL;OSL;D38;1:0;7:15;8:15
AAR;BMA;D38;1:20;7:15;8:35
AAR;GOT;J31;0:40;7:45;8:25
AAR;OSL;D38;1:10;7:20;8:30
ABC;BCN;DH3;1:15;7:25;8:40
ABI;DFW;ER4;0:50;14:20;15:10
ABQ;AUS;M80;3:30;15:55;20:25
ABQ;CMH;M80;4:45;10:20;17:5
ABQ;DFW;M80;1:40;6:0;8:40
ABQ;MTY;M80;4:25;17:5;22:30
ABQ;ORD;CR7;2:45;8:0;11:45
ABQ;STL;M80;4:5;9:5;14:10
ABV;LHR;777;6:20;10:15;15:35
ABX;SYD;DH3;1:20;6:30;7:50
ABZ;LHR;319;1:30;15:0;16:30
ACA;AUS;M80;5:5;14:30;19:35
ACA;DFW;M80;2:50;13:30;16:20
ACA;ORD;M83;4:15;16:5;20:20
ACC;LHR;767;7:10;23:35;6:45
ACE;AGP;CR9;2:0;12:20;15:20
ACE;MAD;321;2:20;14:35;17:55
ACE;SVQ;CR2;2:0;11:50;14:50
ACT;DFW;ER4;0:40;15:30;16:10
ADB;LGW;734;4:15;14:45;17:0
ADL;ASP;73H;2:10;9:45;10:55
ADL;BNE;734;2:25;12:15;14:10
ADL;CBR;734;1:40;6:40;8:50
ADL;DRW;73H;3:45;8:40;11:25
ADL;HKG;333;12:0;12:15;21:45
ADL;MEL;333;1:20;12:15;14:5
ADL;OLP;F50;1:30;5:50;7:20
ADL;PER;73H;3:25;7:5;9:0
ADL;SIN;333;7:0;14:0;18:30
ADL;SYD;333;2:5;8:50;11:25
AEP;BRC;320;2:20;6:20;7:40
AEP;COR;320;1:20;6:20;7:40
AEP;CRD;320;2:27;5:40;7:7
AEP;FTE;320;3:11;5:50;8:1
AEP;IGR;320;1:44;7:10;8:54
AEP;MDZ;320;1:49;6:20;7:9
AEP;NQN;320;1:53;6:40;7:33
AEP;RGL;320;3:11;22:55;1:6
AEP;SLA;320;2:14;9:15;10:29
AEP;UAQ;320;1:53;22:0;22:53
AEP;USH;320;3:43;5:50;8:33
AEX;DFW;ER4;1:10;14:50;16:0
AGJ;OKA;BNT;0:25;9:15;9:40
AGP;ACE;CR9;2:5;10:35;11:40
AGP;CMN;AT7;1:25;19:25;19:50
AGP;CPH;320;5:35;9:30;15:5
AGP;IBZ;CR2;1:15;11:10;12:25
AGP;LGW;734;2:45;6:45;8:30
AGP;LHR;321;2:55;16:15;18:10
AGP;LPA;CR2;2:25;17:15;18:40
AGP;MAD;319;1:5;11:30;12:35
AGP;MLN;AT7;0:45;7:20;8:5
AGP;OVD;CR2;1:35;13:0;14:35
AGP;SDR;CR2;1:30;12:20;13:50
AGP;TFN;CR2;2:30;7:0;8:30
AGP;TNG;DH3;0:40;11:10;10:50
AGP;VLC;AT7;1:20;18:50;20:10
AGP;VLL;CR2;1:20;12:30;13:50
AGU;DFW;ER4;2:15;7:15;9:30
AKJ;HND;AB6;1:45;9:55;11:40
AKJ;ITM;M81;2:10;15:45;17:55
AKJ;KIX;M81;2:25;14:25;16:50
AKL;BNE;734;3:40;7:25;8:5
AKL;CHC;733;1:20;9:0;10:20
AKL;HKG;343;11:25;8:55;15:20
AKL;LAX;332;12:20;19:30;10:50
AKL;MEL;332;3:55;7:45;9:40
AKL;SCL;343;11:30;17:25;12:55
AKL;SYD;343;3:35;5:45;7:20
AKL;WLG;733;1:0;7:0;8:0
AKL;ZQN;733;1:50;10:0;11:50
ALC;BIO;CR2;1:15;9:0;10:15
ALC;IBZ;CR2;0:40;8:0;8:40
ALC;LGW;319;2:30;11:30;13:0
ALC;LPA;CR2;3:0;8:15;10:15
ALC;MAD;320;1:0;6:35;7:35
ALC;OVD;CR2;1:30;12:0;13:30
ALC;SDR;CR2;1:20;16:15;17:35
ALC;SVQ;CR2;1:5;9:5;10:10
ALC;TFN;CR2;3:0;6:30;8:30
ALG;LHR;319;2:50;14:5;15:55
ALG;MAD;319;1:30;14:5;15:35
AMA;DFW;AT7;1:29;12:11;13:40
AMS;BUD;73G;2:0;10:0;12:0
AMS;HEL;319;2:25;11:40;15:5
AMS;HKG;744;11:25;13:15;7:40
AMS;LCY;AR1;1:10;11:25;11:35
AMS;LGW;319;1:5;19:55;20:0
AMS;LHR;319;1:15;21:20;21:35
AMS;MAD;319;2:25;17:55;20:20
AMS;NRT;777;11:30;19:0;14:30
ANF;IQQ;318;0:55;20:5;21:0
ANF;LSC;318;1:25;11:30;12:55
ANF;SCL;318;1:55;8:30;10:25
ANU;GND;777;1:10;16:10;17:20
ANU;LGW;777;7:45;19:40;7:25
ANU;MIA;738;3:30;16:10;18:40
ANU;SJU;AT7;1:34;8:21;9:55
ANU;SKB;777;0:35;16:10;16:45
ANU;TAB;777;1:25;16:10;17:35
AOJ;CTS;M90;0:45;9:15;10:0
AOJ;HND;AB6;1:20;8:20;9:40
AOJ;ITM;M90;1:40;10:0;11:40
AOJ;NGO;M90;1:30;10:25;11:55
AQP;CUZ;319;2:10;6:50;9:0
AQP;JUL;319;0:45;6:50;7:35
AQP;LIM;319;1:25;5:55;7:20
ARI;CPO;318;1:45;16:12;17:57
ARI;IQQ;318;0:45;9:20;10:5
ARI;SCL;318;2:30;1:50;4:20
ARM;SYD;DH3;1:15;6:30;7:45
ARN;BUD;736;2:10;10:0;12:10
ARN;HEL;319;0:55;7:55;9:50
ARN;LHR;319;3:0;7:0;9:0
ARN;MAD;320;4:5;15:10;19:15
ASJ;HND;M81;1:50;19:0;20:50
ASJ;ITM;M81;1:25;14:5;15:30
ASJ;KOJ;M81;0:50;9:15;10:5
ASJ;OKA;DH1;1:10;12:35;13:45
ASP;ADL;73H;1:55;11:40;14:35
ASP;AYQ;717;0:50;14:0;14:50
ASP;BNE;73H;2:35;11:45;14:50
ASP;CNS;717;2:5;16:15;18:50
ASP;DRW;717;1:55;11:0;12:55
ASP;MEL;73H;2:35;11:5;15:10
ASP;PER;717;3:5;10:10;12:45
ASP;SYD;73H;2:50;12:25;16:45
ATH;BUD;73G;2:5;15:40;16:45
ATH;LHR;320;4:0;14:55;16:55
ATH;MAD;321;3:45;7:15;10:0
ATL;DFW;738;2:30;14:35;16:5
ATL;GUA;738;6:55;14:35;20:30
ATL;IAH;M80;4:35;12:45;16:20
ATL;LGW;777;7:55;18:30;7:25
ATL;MCI;M80;5:0;8:35;12:35
ATL;MEX;M80;6:5;7:15;12:20
ATL;MIA;738;1:45;6:0;7:45
ATL;OKC;M80;4:15;20:25;23:40
ATL;ORD;CR7;2:10;13:25;14:35
ATL;PSP;M80;7:5;15:50;19:55
ATL;SNA;738;7:5;10:0;14:5
ATL;STL;ER4;1:55;9:15;10:10
AUA;BOS;757;4:55;17:20;21:15
AUA;DFW;757;7:20;8:30;13:50
AUA;JFK;757;4:59;19:0;22:59
AUA;MIA;757;2:50;8:30;10:20
AUH;LHR;777;7:50;2:35;6:25
AUH;MCT;777;1:0;21:20;22:20
AUS;ATL;M80;3:55;7:5;12:0
AUS;BWI;M80;4:40;9:45;15:25
AUS;DCA;M83;4:40;11:15;16:55
AUS;DEN;M80;4:0;6:45;9:45
AUS;DFW;M80;1:0;12:15;13:15
AUS;ELP;M80;3:35;12:15;14:50
AUS;FLL;M80;4:40;6:45;12:25
AUS;IND;M80;4:0;8:25;13:25
AUS;LAX;M80;3:15;7:50;9:5
AUS;MCI;M80;4:55;8:20;13:15
AUS;MCO;M80;4:30;10:15;15:45
AUS;ORD;M80;2:35;6:0;8:35
AUS;PHL;M80;5:30;11:55;18:25
AUS;SDF;M80;3:50;13:0;17:50
AUS;SJC;M83;3:55;14:55;16:50
AUS;STL;ERD;2:5;17:0;19:5
AUS;TUS;M80;4:20;17:45;21:5
AUS;XNA;M83;3:0;18:20;21:20
AXA;SJU;AT7;1:10;8:0;9:10
AXT;CTS;M90;0:55;12:15;13:10
AXT;HND;73H;1:10;14:25;15:35
AXT;ITM;M90;1:30;18:20;19:50
AXT;KIX;M90;1:45;10:25;12:10
AXT;NKM;CRJ;1:10;13:30;14:40
AYQ;ASP;717;0:45;9:35;10:20
AYQ;CNS;717;2:30;14:20;17:20
AYQ;PER;717;2:40;13:30;15:40
AYQ;SYD;73H;3:0;10:55;15:25
AYT;LGW;734;4:45;17:0;19:45
AZO;ORD;ER4;1:0;13:35;13:35
BAH;DOH;744;0:50;20:40;21:30
BAH;DXB;343;1:10;15:35;17:45
BAH;HKG;343;9:25;15:35;6:0
BAH;LHR;744;7:15;2:10;6:25
BBA;PMC;318;1:10;10:30;11:40
BBA;SCL;318;2:20;13:55;16:15
BBA;ZCO;318;1:30;13:0;14:30
BCI;BNE;DH3;2:40;9:50;12:30
BCI;LRE;DH3;0:30;13:45;14:15
BCI;RMA;DH3;1:15;9:50;11:5
BCN;ABC;DH3;1:30;20:50;22:20
BCN;BJZ;CR2;1:35;19:40;21:15
BCN;BLQ;CR2;1:40;9:10;10:50
BCN;BOG;320;12:50;9:40;16:30
BCN;BOS;321;11:20;10:15;15:35
BCN;CCS;320;11:40;9:40;15:50
BCN;CQM;CR2;1:20;13:40;15:0
BCN;EAS;DH3;1:30;7:10;8:40
BCN;EZE;320;14:55;9:55;21:50
BCN;GIG;320;13:15;9:25;19:40
BCN;GRU;320;13:25;21:30;7:55
BCN;GUA;320;13:55;9:40;16:35
BCN;HAV;321;13:5;13:55;21:0
BCN;HEL;320;3:55;10:0;14:55
BCN;IAD;321;11:0;13:55;18:55
BCN;IBZ;CR2;0:55;10:0;10:55
BCN;JFK;321;11:30;13:55;19:25
BCN;JNB;320;13:5;21:30;11:35
BCN;LCY;AR1;2:10;13:15;14:25
BCN;LEI;CR2;1:20;9:15;10:35
BCN;LEN;CR2;1:30;10:10;11:40
BCN;LGW;734;2:15;13:0;14:15
BCN;LHR;320;2:15;9:10;10:25
BCN;LIM;320;14:55;9:55;18:50
BCN;MAD;319;1:10;6:25;7:35
BCN;MAH;CR2;0:50;12:50;13:40
BCN;MEX;320;15:5;9:55;18:0
BCN;MIA;321;12:25;9:25;15:50
BCN;MJV;CR2;1:10;13:55;15:5
BCN;MRS;CR2;1:0;17:5;18:5
BCN;MVD;320;15:40;21:30;10:10
BCN;NCE;CR2;1:20;9:0;10:20
BCN;NTE;CR2;1:35;9:35;11:10
BCN;ORD;320;11:55;9:25;14:20
BCN;ORY;319;1:45;10:10;11:55
BCN;OVD;CR2;1:30;9:20;10:50
BCN;PNA;CR2;1:5;9:25;10:30
BCN;RGS;CR2;1:15;7:0;8:15
BCN;SCL;320;16:5;21:30;9:35
BCN;SDQ;321;11:20;10:15;16:35
BCN;SDR;CR2;1:20;10:0;11:20
BCN;SJO;320;13:35;9:40;16:15
BCN;SJU;321;11:20;10:15;16:35
BCN;SLM;CR2;1:30;16:10;17:40
BCN;TNG;CR2;1:55;9:5;10:0
BCN;TRN;CR2;1:35;9:0;10:35
BCN;UIO;321;13:45;9:25;17:10
BCN;VIT;CR2;1:15;20:0;21:15
BCN;VLC;CR2;0:55;7:0;7:55
BCN;VLL;CR2;1:20;7:0;8:20
BDA;JFK;757;2:19;8:40;9:59
BDA;LGW;777;6:30;20:5;6:35
BDA;MIA;738;3:0;8:0;10:0
BDB;BNE;DH3;0:55;6:45;7:40
BDL;CZM;738;7:55;7:0;13:55
BDL;DFW;738;4:10;13:25;16:35
BDL;MIA;738;3:10;6:0;9:10
BDL;ORD;ERD;2:45;7:35;9:20
BDL;PLS;738;5:50;6:0;11:50
BDL;RDU;ERD;1:50;11:30;13:20
BDL;SJU;757;3:45;8:10;12:55
BDL;SNA;738;8:30;13:25;18:55
BDL;STL;ERD;2:55;11:45;13:40
BEG;LHR;319;3:0;12:50;14:50
BEY;BUD;736;3:15;4:0;6:15
BGI;BOS;757;8:50;15:45;23:35
BGI;JFK;757;5:30;15:30;20:0
BGI;LGW;777;8:5;17:50;5:55
BGI;MIA;757;4:0;8:0;11:0
BGI;SJU;AT7;2:25;9:20;11:45
BHM;DFW;M80;2:5;6:55;9:0
BHM;IAH;M80;4:15;6:55;11:10
BHM;MSP;M80;5:30;11:20;16:50
BHM;PHX;M80;5:35;17:30;22:5
BIO;ALC;CR2;1:15;7:0;8:15
BIO;BJZ;CR2;1:20;10:20;11:40
BIO;LCG;CR2;1:0;7:15;8:15
BIO;MAD;320;1:0;6:45;7:45
BIO;SCQ;CR2;1:0;7:0;8:0
BIO;SVQ;CR2;1:20;7:10;8:30
BIO;VGO;CR2;1:0;10:45;11:45
BIO;VLC;CR2;1:5;8:30;9:35
BJX;DFW;ERD;2:15;13:10;15:25
BJZ;BCN;CR2;1:30;8:10;9:40
BJZ;BIO;CR2;1:20;12:10;13:30
BJZ;MAD;CR2;0:55;17:45;18:40
BKI;HKG;320;2:55;12:5;15:0
BKK;BOM;744;4:15;17:20;20:5
BKK;CMB;773;3:15;22:5;23:50
BKK;DXB;744;8:25;17:20;22:45
BKK;HEL;M11;10:50;0:35;6:25
BKK;HKG;313;2:45;15:15;19:0
BKK;KHI;330;5:30;19:50;23:20
BKK;KIX;767;5:10;23:55;7:5
BKK;LHR;744;12:45;0:10;5:55
BKK;NGO;777;5:15;23:0;6:15
BKK;NRT;744;5:45;8:15;16:0
BKK;SIN;773;2:25;12:45;16:10
BKK;SYD;744;9:0;17:25;6:25
BKQ;LRE;DH3;0:35;9:20;9:55
BLL;BRU;D38;1:35;7:15;8:50
BLL;CDG;D38;1:55;17:5;19:0
BLL;DUS;J31;1:30;7:20;8:50
BLL;HEL;FRJ;2:10;12:35;15:45
BLL;LCY;D38;1:45;9:20;10:5
BLL;MAN;FRJ;1:45;7:40;8:25
BLQ;BCN;CR2;1:35;7:0;8:35
BLQ;LGW;319;2:15;12:15;13:30
BLQ;MAD;320;2:15;12:20;14:35
BLQ;VLC;CR2;2:10;11:50;14:0
BLR;HKG;330;5:40;2:40;10:50
BLR;LHR;744;11:0;7:45;13:15
BLT;BNE;DH3;2:10;8:25;10:35
BLT;EMD;DH3;0:20;15:50;16:10
BLT;ZBL;DH3;0:40;8:25;9:5
BMA;AAR;D38;1:20;9:0;10:20
BME;MEL;73H;4:5;12:15;18:20
BME;PER;717;2:30;10:10;12:40
BMI;DFW;ER4;2:15;15:25;17:40
BMI;ORD;ER4;0:50;6:10;7:0
BNA;ABQ;M80;4:55;7:15;11:10
BNA;BOS;ER3;3:20;12:45;17:5
BNA;DCA;ER3;1:30;12:45;15:15
BNA;DFW;M80;2:10;12:35;14:45
BNA;ELP;M80;4:45;12:35;16:20
BNA;LAX;738;4:30;18:45;21:15
BNA;LGA;M80;2:4;17:55;20:59
BNA;MIA;738;2:10;13:55;17:5
BNA;OKC;M80;4:15;6:0;10:15
BNA;ORD;CR7;1:40;13:10;14:50
BNA;SFO;M83;7:0;16:35;21:35
BNA;STL;ERD;1:15;6:30;7:45
BNA;TPA;738;4:15;13:55;19:10
BNA;UVF;738;6:30;6:15;14:45
BNA;YYZ;M80;4:59;11:0;16:59
BNE;ADL;734;2:40;14:50;18:0
BNE;AKL;734;3:10;9:0;15:10
BNE;ASP;73H;3:5;8:25;11:0
BNE;BCI;DH3;2:20;11:10;13:30
BNE;BDB;DH3;0:55;7:0;7:55
BNE;BKQ;DH3;2:10;6:55;9:5
BNE;BLT;DH3;1:40;14:0;15:40
BNE;CBR;734;1:50;5:10;8:0
BNE;CNS;73H;2:20;7:0;9:20
BNE;CTL;DH3;2:15;6:45;9:0
BNE;DRW;73H;4:5;8:25;12:0
BNE;EMD;DH3;1:45;5:45;7:30
BNE;GLT;DH3;1:15;11:55;13:10
BNE;HKG;333;8:40;13:50;20:30
BNE;HVB;DH3;0:50;7:5;7:55
BNE;ISA;734;2:30;9:0;11:30
BNE;KTA;73H;5:25;12:55;17:20
BNE;LAX;744;12:55;12:5;7:0
BNE;LDH;DH8;1:45;9:20;12:5
BNE;LRE;DH3;3:0;6:55;9:55
BNE;MEL;734;2:20;15:30;18:50
BNE;MKY;100;1:35;9:5;10:40
BNE;MNL;763;7:20;13:55;19:15
BNE;NOU;73H;2:5;14:30;17:35
BNE;NRT;744;8:50;8:55;16:45
BNE;NTL;DH3;1:35;9:40;12:15
BNE;PER;73H;5:20;7:30;11:50
BNE;RMA;DH3;1:15;6:45;8:0
BNE;ROK;DH3;1:25;9:45;11:10
BNE;SIN;333;7:50;13:40;19:30
BNE;SYD;734;1:30;8:45;11:15
BNE;TSV;734;2:0;6:45;8:45
BNE;WLG;733;3:29;17:30;23:59
BNE;ZBL;DH3;1:15;5:55;7:10
BOD;LGW;734;1:30;16:50;17:20
BOD;MAD;CR2;1:15;7:5;8:20
BOG;BCN;340;13:10;18:0;13:10
BOG;MAD;340;9:44;19:1;10:45
BOG;MIA;757;3:40;15:30;19:10
BOG;SCL;763;5:40;11:10;18:50
BOM;BKK;744;3:55;5:20;10:45
BOM;DXB;744;3:0;19:45;21:15
BOM;HEL;M11;8:20;9:15;14:5
BOM;HKG;343;5:25;7:40;15:35
BOM;LHR;744;9:45;2:40;6:55
BOM;SYD;332;12:20;19:35;13:25
BON;SJU;AT7;2:1;8:34;10:35
BOS;AUA;757;4:45;10:25;16:10
BOS;AUS;M80;6:40;14:15;19:55
BOS;BCN;340;9:20;18:30;9:50
BOS;BGI;757;8:0;5:35;14:35
BOS;BNA;ER3;4:5;8:50;11:55
BOS;CMH;ER3;2:20;17:15;19:35
BOS;DCA;ER3;1:40;8:50;10:30
BOS;DEN;M83;7:30;16:55;22:25
BOS;DFW;757;4:15;20:10;23:25
BOS;IAH;M80;6:40;6:45;12:25
BOS;JFK;ER3;1:10;12:45;13:55
BOS;LAX;757;6:25;7:45;11:10
BOS;LGA;ER3;1:15;8:0;9:15
BOS;LHR;763;6:30;18:55;6:25
BOS;MAD;340;6:50;18:30;7:20
BOS;MIA;757;3:25;5:35;9:0
BOS;ORD;757;2:50;8:30;10:20
BOS;PLS;757;3:20;11:5;14:25
BOS;RDU;ER3;2:5;12:0;14:5
BOS;SAL;757;7:25;6:40;13:5
BOS;SDQ;757;3:55;11:45;16:40
BOS;SFO;757;6:45;18:35;22:20
BOS;SJC;M83;8:40;6:0;11:40
BOS;SJO;757;9:30;13:35;22:5
BOS;SJU;757;3:45;11:55;16:40
BOS;SLC;M80;7:25;16:45;22:10
BOS;STL;M80;3:10;18:20;20:30
BOS;STT;757;3:50;9:5;13:55
BOS;YYZ;ER3;1:59;19:0;20:59
BRC;AEP;320;2:0;0:30;3:30
BRU;BLL;D38;1:35;9:25;11:0
BRU;BUD;73G;1:55;9:10;11:5
BRU;HEL;320;2:30;19:20;22:50
BRU;JFK;763;8:35;10:5;12:40
BRU;LHR;319;1:15;6:45;7:0
BRU;MAD;320;2:15;12:20;14:35
BRU;ORD;763;9:20;10:40;13:0
BRU;OVD;CR2;2:0;13:50;15:50
BSL;LHR;319;1:45;17:25;18:10
BTR;DFW;ERD;1:25;6:0;7:25
BUD;AMS;73G;2:5;7:10;9:15
BUD;ARN;736;2:10;7:10;9:20
BUD;ATH;73G;2:0;12:0;15:0
BUD;BEY;736;2:55;23:10;3:5
BUD;BRU;73G;1:55;7:10;9:5
BUD;CDG;736;2:20;19:25;21:45
BUD;CLJ;S20;0:55;13:45;15:40
BUD;CPH;73G;1:55;7:20;9:15
BUD;DAM;73G;3:10;23:10;3:20
BUD;DME;736;2:30;14:40;19:10
BUD;DUB;736;3:5;19:15;21:20
BUD;FCO;F70;1:40;7:25;9:5
BUD;FRA;F70;1:50;7:45;9:35
BUD;GOT;F70;2:5;7:25;9:30
BUD;GVA;DH4;2:10;7:10;9:20
BUD;HAM;F70;1:45;18:55;20:40
BUD;HEL;319;2:20;19:20;22:40
BUD;IST;F70;1:50;12:0;14:50
BUD;KBP;73G;1:35;12:50;15:25
BUD;LCA;736;2:50;23:20;3:10
BUD;LGW;73G;2:30;7:20;8:50
BUD;LHR;320;2:45;8:30;10:15
BUD;LJU;EM2;1:10;8:5;9:15
BUD;MAD;736;3:10;9:50;13:0
BUD;MXP;F70;1:40;7:40;9:20
BUD;ODS;F70;1:30;12:55;15:25
BUD;OTP;736;1:15;13:5;15:20
BUD;PRG;736;1:5;8:20;9:25
BUD;PRN;736;1:40;12:50;14:30
BUD;SJJ;DH4;1:10;13:25;14:35
BUD;SKG;F70;1:30;12:50;15:20
BUD;SKP;DH4;1:35;13:5;14:40
BUD;SOF;73G;1:20;13:5;15:25
BUD;STR;S20;1:40;7:35;9:15
BUD;SVX;736;4:0;20:0;4:0
BUD;TGD;EM2;1:25;13:10;14:35
BUD;TGM;DH4;1:0;13:20;15:20
BUD;TIA;DH4;1:40;12:50;14:30
BUD;TLV;738;3:10;9:20;13:30
BUD;TSR;EM2;0:50;13:40;15:30
BUD;TXL;73G;1:25;18:35;20:0
BUD;VAR;DH4;1:45;23:10;1:55
BUD;VCE;S20;1:25;8:20;9:45
BUD;WAW;F70;1:10;7:30;8:40
BUD;ZAG;EM2;1:0;9:10;10:10
BUD;ZRH;DH4;1:45;7:30;9:15
BUF;ORD;ER4;1:55;10:40;11:35
BUR;DFW;M80;2:55;11:20;16:15
BUR;IND;M80;5:55;7:10;16:5
BUR;SDF;M80;5:50;13:15;22:5
BWI;AUS;M80;5:45;16:10;20:55
BWI;DFW;M80;3:35;12:30;15:5
BWI;JFK;ER4;1:19;13:35;14:54
BWI;KIN;738;5:15;14:45;20:0
BWI;LHR;767;7:15;21:0;9:15
BWI;MCI;M80;5:55;18:35;23:30
BWI;MIA;738;2:35;6:0;8:35
BWI;MSY;M80;5:50;7:5;11:55
BWI;ORD;ER4;2:20;6:0;7:20
BWI;SAN;M80;7:45;9:45;14:30
BWI;SDQ;738;5:50;8:30;15:20
BWI;SJU;738;3:40;8:30;13:10
BZE;DFW;738;3:15;16:35;19:50
BZE;MIA;738;1:55;12:50;15:45
BZE;SEA;738;8:30;16:35;23:5
CAI;LHR;744;5:10;8:50;12:0
CAI;MAD;319;5:0;23:45;3:45
CAN;KIX;73H;3:20;15:35;19:55
CAN;NGO;767;3:30;15:15;19:45
CAN;NRT;73H;3:55;9:20;14:15
CBR;ADL;734;1:45;6:5;7:20
CBR;BNE;734;1:40;6:25;7:5
CBR;MEL;734;1:10;6:40;7:50
CBR;PER;73H;4:40;17:0;19:40
CBR;SYD;734;0:55;6:45;7:40
CCP;SCL;318;1:5;8:10;9:15
CCS;BCN;340;13:35;22:5;17:10
CCS;BWI;738;6:45;15:35;21:50
CCS;DFW;757;5:50;11:5;15:25
CCS;JFK;757;4:59;13:30;17:59
CCS;MAD;340;8:35;18:50;8:55
CCS;MIA;757;3:20;6:50;9:40
CCS;SCL;763;6:40;11:5;19:15
CCS;SJU;738;1:40;15:35;17:45
CCU;LHR;777;11:0;5:5;10:35
CDG;BLL;D38;1:55;19:40;21:35
CDG;BUD;736;2:15;8:50;11:5
CDG;DFW;763;11:5;11:40;15:45
CDG;HEL;320;2:55;15:25;19:20
CDG;HKG;343;12:5;17:45;12:50
CDG;JFK;763;8:40;11:15;13:55
CDG;LHR;319;1:10;21:45;21:55
CDG;MIA;763;10:25;10:0;14:25
CDG;NGO;777;12:0;16:50;12:50
CDG;NRT;773;11:55;18:5;14:0
CDG;ORD;763;9:30;14:20;16:50
CEB;HKG;330;2:40;12:45;15:25
CFE;MAD;CR2;1:40;7:20;9:0
CFS;SYD;DH3;1:25;10:5;11:30
CGK;HKG;330;4:40;11:15;16:55
CGK;NRT;777;7:10;22:10;7:20
CGK;SYD;333;6:50;20:50;7:40
CHA;DFW;ERD;2:25;12:5;13:30
CHA;ORD;ER4;1:50;6:25;7:15
CHC;AKL;733;1:20;7:0;8:20
CHC;ROT;733;1:15;10:10;11:25
CHC;SYD;763;3:15;15:25;16:40
CHC;ZQN;733;0:50;7:40;8:30
CHS;DFW;ER4;3:10;11:25;13:35
CID;DFW;ER4;2:10;10:40;12:50
CID;LGA;ER3;2:25;13:50;17:15
CID;ORD;ER4;1:0;9:30;10:30
CID;STL;ER4;1:0;10:10;11:10
CIX;LIM;319;1:15;5:55;7:10
CJA;LIM;319;1:5;10:0;11:5
CJC;SCL;318;2:0;8:40;10:40
CKG;HKG;320;2:5;17:0;19:5
CLJ;BUD;S20;1:0;6:30;6:30
CLL;DFW;ER4;0:50;10:30;11:20
CLO;MIA;738;3:40;8:5;11:45
CLT;DFW;M80;3:0;7:15;9:15
CLT;MIA;ER4;2:5;6:10;8:15
CLT;ORD;ER4;2:15;12:25;13:40
CLT;SLC;M80;6:45;9:10;13:55
CLT;STL;ER4;1:55;18:15;19:10
CLT;YYC;M80;8:10;15:30;21:40
CMB;BKK;773;3:15;1:50;6:35
CMB;HKG;773;7:50;1:50;12:10
CMB;SIN;773;3:50;0:5;6:25
CMH;BOS;ER3;1:50;9:10;11:0
CMH;DEN;M80;5:55;13:45;17:40
CMH;DFW;ER4;3:5;9:40;11:45
CMH;LGA;ER3;1:35;5:40;7:15
CMH;MIA;ERD;2:45;7:40;10:25
CMH;ORD;CR7;1:20;11:10;11:30
CMH;PDX;M83;8:15;6:45;12:0
CMH;RDU;ERD;1:15;6:30;7:45
CMI;DFW;ER4;2:20;6:45;9:5
CMI;ORD;ER4;1:0;7:15;8:15
CMN;AGP;AT7;1:20;20:30;22:50
CMN;MAD;320;1:35;12:0;14:35
CMN;VLC;CR2;1:50;12:15;15:5
CNF;MIA;763;8:5;23:50;4:55
CNS;ASP;717;2:25;11:25;13:20
CNS;AYQ;717;2:45;6:40;8:55
CNS;BNE;73H;2:5;5:30;7:35
CNS;DRW;717;2:35;19:30;21:35
CNS;GOV;717;1:50;18:0;19:20
CNS;HID;DH3;2:0;7:50;9:50
CNS;HKG;332;7:5;13:0;18:5
CNS;HTI;DH3;1:25;7:55;9:20
CNS;MEL;73H;3:25;12:30;16:55
CNS;MKY;DH3;2:15;6:45;9:0
CNS;PER;73H;5:0;22:25;2:25
CNS;SYD;332;3:0;11:40;15:40
CNS;TSV;DH3;0:55;6:45;7:40
CNS;WEI;DH3;1:40;6:0;7:40
COR;AEP;320;1:12;7:15;8:27
COR;SCL;318;1:25;12:25;12:50
COS;DAY;M80;4:50;6:0;12:50
COS;DFW;M80;1:45;11:0;13:45
COS;IAD;M80;5:30;11:0;18:30
COS;MCI;M80;4:15;12:50;18:5
COS;MEM;M80;4:0;16:20;21:20
CPH;AGP;320;5:15;15:55;21:10
CPH;BUD;73G;1:50;20:25;22:15
CPH;HEL;319;1:30;8:55;11:25
CPH;LHR;319;2:5;20:0;21:5
CPH;MAD;320;3:15;15:55;19:10
CPO;ARI;318;1:45;13:57;15:42
CPO;IQQ;318;1:20;10:40;12:0
CPO;LSC;318;0:45;19:0;19:45
CPO;SCL;318;1:15;9:12;10:27
CPT;DUR;733;1:55;6:30;8:25
CPT;JNB;733;2:0;8:0;10:0
CPT;LHR;744;11:35;8:15;17:50
CQM;BCN;CR2;1:20;15:30;16:50
CQM;LPA;CR2;2:50;16:10;18:0
CRD;AEP;320;2:12;7:50;11:2
CRP;DFW;ER4;1:20;6:0;7:20
CSX;HKG;320;1:45;16:35;18:20
CTA;LGW;319;3:15;19:0;21:15
CTL;BNE;DH3;2:0;9:20;11:20
CTL;RMA;DH3;0:40;9:20;10:0
CTS;AOJ;M90;0:50;7:50;8:40
CTS;AXT;M90;1:0;10:40;11:40
CTS;FUK;777;2:35;14:50;17:25
CTS;GAJ;CRJ;1:10;13:25;14:35
CTS;HIJ;M90;2:10;14:55;17:5
CTS;HKG;330;5:35;17:20;21:55
CTS;HNA;M90;1:0;11:10;12:10
CTS;HND;744;1:35;10:0;11:35
CTS;ITM;767;2:0;10:0;12:0
CTS;KIX;734;2:15;14:10;16:25
CTS;MMB;M81;0:45;7:50;8:35
CTS;NGO;767;1:55;11:40;13:35
CTS;NRT;767;1:45;14:10;15:55
CTS;SDJ;M81;1:10;10:45;11:55
CTS;UKB;734;1:55;14:30;16:25
CTU;HKG;321;2:30;14:5;16:35
CUN;DFW;738;2:55;8:50;11:45
CUN;JFK;757;3:40;10:15;14:55
CUN;MCO;757;6:30;15:5;22:35
CUN;MIA;738;1:40;17:5;19:45
CUN;ORD;757;3:55;13:20;17:15
CUN;SCL;763;7:50;21:25;8:15
CUR;MIA;738;3:5;7:55;10:0
CUU;DFW;ER4;1:40;14:25;17:5
CUZ;AQP;319;2:10;13:15;15:25
CUZ;IQT;319;3:40;13:0;16:40
CUZ;JUL;319;0:50;7:50;8:40
CUZ;LIM;319;1:20;6:25;7:45
CUZ;PEM;319;0:55;10:15;11:10
CUZ;TCQ;319;1:10;9:35;10:45
CVG;DFW;ER4;2:45;11:5;12:50
CVG;MIA;ERD;2:45;7:15;10:0
CVG;ORD;ER4;1:25;11:45;12:10
CWA;ORD;ER4;1:5;7:5;8:10
CZM;DCA;738;6:50;14:55;22:45
CZM;DFW;738;3:0;14:55;17:55
CZM;MIA;AT7;2:25;15:20;18:45
DAC;HKG;330;3:40;2:0;7:40
DAC;LHR;777;11:10;5:25;10:35
DAL;ORD;ER4;2:15;8:0;10:15
DAM;BUD;73G;3:25;4:5;6:30
DAR;LHR;767;10:15;9:55;17:10
DAY;DFW;M80;2:45;13:35;15:20
DAY;LAS;M80;6:35;13:35;17:10
DAY;ONT;M80;7:5;17:50;21:55
DAY;STL;ERD;1:30;6:20;6:50
DBO;SYD;DH3;1:5;6:30;7:35
DBQ;ORD;ER4;0:50;6:10;7:0
DBV;LGW;734;2:50;15:25;17:15
DCA;BNA;ER3;1:55;11:0;11:55
DCA;BOS;ER3;1:20;9:45;11:5
DCA;DFW;738;3:25;19:40;22:5
DCA;IAH;738;5:46;13:59;18:45
DCA;JFK;ER3;1:5;13:25;14:30
DCA;KIN;738;5:45;6:0;11:45
DCA;MIA;738;2:35;6:0;8:35
DCA;MSP;M80;4:20;20:0;23:20
DCA;MSY;738;5:45;15:40;20:25
DCA;ORD;CR7;2:10;6:20;7:30
DCA;PLS;738;5:15;11:50;17:5
DCA;RDU;ER3;1:5;10:50;11:55
DCA;SAN;M83;7:55;16:45;21:40
DCA;SEA;M83;7:45;13:50;18:35
DCA;STL;M80;2:20;7:40;9:0
DCA;TPA;738;4:30;19:25;23:55
DCA;TUS;M80;6:55;9:55;14:50
DEL;HEL;M11;7:20;11:5;14:55
DEL;HKG;330;5:5;15:15;22:50
DEL;LHR;744;9:15;3:30;7:15
DEL;NRT;744;7:15;19:50;6:35
DEL;ORD;777;15:40;0:55;5:5
DEN;DCA;738;5:30;13:25;20:55
DEN;DFW;738;1:55;13:25;16:20
DEN;DTW;M80;5:35;10:30;18:5
DEN;IND;M80;4:50;14:35;21:25
DEN;LAX;738;2:30;7:25;8:55
DEN;LGA;M80;5:30;9:50;17:20
DEN;LHR;777;8:50;17:15;9:5
DEN;MFE;M80;4:25;17:5;22:30
DEN;MIA;738;5:25;15:50;23:15
DEN;ORD;M80;2:25;9:50;13:15
DEN;TPA;M80;6:5;14:25;22:30
DEN;VVI;757;11:50;8:25;23:15
DFW;ABI;ER4;0:45;20:55;21:40
DFW;ABQ;M80;1:50;8:45;9:35
DFW;ACA;M80;2:55;9:40;12:35
DFW;ACT;ER4;0:40;10:10;10:50
DFW;AEX;ER4;1:5;13:10;14:15
DFW;AGU;ER4;2:25;18:30;20:55
DFW;AMA;AT7;1:32;10:5;11:37
DFW;ATL;738;2:0;6:10;9:10
DFW;AUS;M80;0:55;21:5;22:0
DFW;BDL;738;3:10;8:25;12:35
DFW;BHM;M80;1:35;8:50;10:25
DFW;BJX;ERD;2:35;9:45;12:20
DFW;BMI;ER4;1:55;13:0;14:55
DFW;BNA;M80;1:40;10:10;11:50
DFW;BOS;757;3:15;18:20;22:35
DFW;BTR;ERD;1:15;16:55;18:10
DFW;BUR;M80;3:25;9:10;10:35
DFW;BWI;M80;2:45;8:0;11:45
DFW;BZE;738;2:50;12:40;15:30
DFW;CCS;757;5:10;14:10;20:50
DFW;CDG;763;9:20;17:20;9:40
DFW;CHA;ERD;1:50;8:30;11:20
DFW;CHS;ER4;2:25;7:30;10:55
DFW;CID;ER4;1:55;8:15;10:10
DFW;CLL;ER4;0:55;9:5;10:0
DFW;CLT;M80;2:20;7:15;10:35
DFW;CMH;ER4;2:20;17:30;20:50
DFW;CMI;ER4;1:55;18:50;20:45
DFW;COS;M80;1:55;9:20;10:15
DFW;CRP;ER4;1:20;7:20;8:40
DFW;CUN;738;2:35;14:40;17:15
DFW;CUU;ER4;2:5;12:30;13:35
DFW;CVG;ER4;2:10;7:0;10:10
DFW;CZM;738;2:40;11:15;13:55
DFW;DAY;M80;2:10;9:40;12:50
DFW;DCA;738;2:35;11:15;14:50
DFW;DEN;738;2:0;14:0;15:0
DFW;DSM;CR7;1:45;14:40;16:25
DFW;DTW;M80;2:30;7:15;10:45
DFW;EGE;757;2:20;12:30;13:50
DFW;ELP;ERD;1:40;7:20;8:0
DFW;EVV;ER4;1:50;12:50;14:40
DFW;EWR;M80;5:25;11:30;17:55
DFW;EZE;777;10:20;19:35;9:55
DFW;FAT;M80;3:35;10:55;12:30
DFW;FLL;738;2:35;18:5;21:40
DFW;FRA;777;9:20;14:45;7:5
DFW;FSM;ER4;1:0;8:40;9:40
DFW;FWA;ER4;2:10;10:40;13:50
DFW;GCM;738;5:25;7:5;13:30
DFW;GDL;ER4;2:45;18:45;21:30
DFW;GGG;ER4;0:50;9:20;10:10
DFW;GJT;ER4;2:30;11:10;12:40
DFW;GPT;ER4;1:25;15:0;16:25
DFW;GRK;AT7;0:58;21:20;22:18
DFW;GRR;ER4;2:25;11:40;15:5
DFW;GRU;777;9:55;19:45;9:40
DFW;GSO;ER4;2:25;8:25;11:50
DFW;GSP;ER4;2:5;10:30;13:35
DFW;GUA;738;3:15;17:15;20:30
DFW;GUC;757;2:5;13:25;14:30
DFW;HDN;757;2:25;11:45;13:10
DFW;HNL;763;8:30;9:55;14:25
DFW;HOU;ER4;1:5;21:0;22:5
DFW;HSV;M80;1:35;9:25;11:0
DFW;IAD;738;2:35;9:30;13:5
DFW;IAH;738;1:10;17:35;18:45
DFW;ICT;M80;1:15;9:35;10:50
DFW;IND;M80;2:5;10:20;13:25
DFW;JAC;757;2:55;17:15;19:10
DFW;JAN;ER4;1:15;7:45;9:0
DFW;JAX;M80;2:15;10:15;13:30
DFW;JFK;M83;3:30;12:10;16:40
DFW;LAS;738;2:55;7:10;8:5
DFW;LAW;AT7;0:58;16:55;17:53
DFW;LAX;738;3:20;9:20;10:40
DFW;LBB;AT7;1:24;14:20;15:44
DFW;LEX;ERD;2:5;9:50;12:55
DFW;LFT;ER4;1:15;13:30;14:45
DFW;LGA;738;3:20;6:40;11:0
DFW;LHR;763;9:10;19:25;10:35
DFW;LIR;738;3:50;10:20;14:10
DFW;LIT;CR7;1:5;15:30;16:35
DFW;LRD;ER4;1:25;9:50;11:15
DFW;MAF;AT7;1:34;16:25;17:59
DFW;MBJ;738;3:40;10:40;15:20
DFW;MCI;757;1:30;18:20;19:50
DFW;MCO;757;2:20;11:0;14:20
DFW;MEM;M80;1:20;14:30;15:50
DFW;MEX;M80;2:35;21:5;23:40
DFW;MFE;M80;1:35;8:55;10:30
DFW;MIA;738;2:30;6:0;9:30
DFW;MKE;ER4;2:20;8:15;10:35
DFW;MLI;ER4;1:55;14:30;16:25
DFW;MLU;ER4;1:10;12:25;13:35
DFW;MOB;ER4;1:35;10:0;11:35
DFW;MSN;ER4;2:10;9:10;11:20
DFW;MSP;738;2:20;12:20;14:40
DFW;MSY;738;1:20;16:55;18:15
DFW;MTJ;CR7;2:15;10:50;12:5
DFW;MTY;M80;1:45;10:10;11:55
DFW;NAS;738;3:5;11:0;15:5
DFW;NRT;777;13:25;10:10;14:35
DFW;OGG;757;10:35;14:50;21:25
DFW;OKC;M80;0:50;22:50;23:40
DFW;OMA;M80;1:40;21:35;23:15
DFW;ONT;M80;3:10;17:5;18:15
DFW;ORD;777;2:20;13:0;15:20
DFW;ORF;M80;2:45;18:25;22:10
DFW;PBI;M80;2:35;9:0;12:35
DFW;PDX;M83;4:10;16:45;18:55
DFW;PHL;M80;3:10;12:50;17:0
DFW;PHX;738;2:35;7:25;9:0
DFW;PIA;ER4;1:50;12:25;14:15
DFW;PIT;CR7;2:25;7:30;10:55
DFW;PNS;ER4;1:40;15:0;16:40
DFW;POS;757;7:40;12:50;22:30
DFW;PSP;M80;3:5;12:55;14:0
DFW;PTY;738;4:25;14:35;20:0
DFW;PVR;M80;2:45;9:45;12:30
DFW;RDU;M80;2:24;20:35;23:59
DFW;RIC;M80;2:40;9:10;12:50
DFW;RNO;757;3:35;12:20;13:55
DFW;ROW;ER4;1:35;9:45;10:20
DFW;RSW;M80;2:25;17:55;21:20
DFW;SAN;757;3:5;21:0;22:5
DFW;SAT;M80;1:5;13:45;14:50
DFW;SAV;ER4;2:15;12:40;15:55
DFW;SBA;CR7;3:25;9:35;11:0
DFW;SCL;763;9:40;21:10;9:50
DFW;SDF;M80;1:55;14:55;17:50
DFW;SEA;738;4:5;21:0;23:5
DFW;SFO;757;3:40;14:5;15:45
DFW;SGF;CR7;1:15;13:35;14:50
DFW;SHV;AT7;1:5;8:10;9:15
DFW;SJC;M83;3:50;11:15;13:5
DFW;SJD;M80;3:0;9:30;11:30
DFW;SJO;757;3:55;18:10;22:5
DFW;SJT;AT7;1:13;20:35;21:48
DFW;SJU;757;4:25;7:10;13:35
DFW;SLC;M80;2:50;21:30;23:20
DFW;SLP;ERD;2:20;18:25;20:45
DFW;SMF;M83;3:50;10:35;12:25
DFW;SNA;738;3:15;7:45;9:0
DFW;SPS;AT7;0:54;20:0;20:54
DFW;STL;757;1:35;20:0;21:35
DFW;TAM;ERD;2:15;18:35;20:50
DFW;TPA;M80;2:10;10:45;13:55
DFW;TRC;ERD;2:5;18:35;20:40
DFW;TUL;738;1:5;19:10;20:15
DFW;TUS;M80;2:19;22:40;23:59
DFW;TXK;ER4;0:55;9:50;10:45
DFW;TYR;ER4;0:45;10:15;11:0
DFW;TYS;ER4;1:55;8:10;11:5
DFW;VPS;ER4;1:50;8:25;10:15
DFW;XNA;CR7;1:5;9:0;10:5
DFW;YUL;738;3:30;14:25;18:55
DFW;YVR;757;4:20;17:10;19:30
DFW;YYC;M80;4:0;18:40;21:40
DFW;YYZ;738;2:50;10:55;14:45
DFW;ZIH;M80;2:55;11:10;14:5
DKR;LPA;321;2:10;23:55;2:5
DKR;MAD;321;4:15;23:45;5:0
DLC;HKG;320;3:45;18:25;22:10
DLC;KIX;73H;2:10;13:25;16:35
DLC;NRT;767;2:40;13:0;16:40
DME;BUD;736;2:35;5:40;6:15
DME;LHR;320;4:25;5:35;7:0
DME;MAD;319;5:10;7:25;10:35
DME;NRT;777;9:35;17:15;8:50
DME;ORD;763;11:0;14:30;16:30
DOH;BAH;744;0:45;23:55;0:40
DOH;LHR;744;9:30;23:55;6:25
DOM;SJU;AT7;1:45;15:0;16:45
DPO;MEL;DH3;1:15;6:30;7:45
DPS;HKG;773;4:45;16:0;20:45
DPS;KIX;767;6:30;1:5;8:35
DPS;NRT;744;6:50;23:55;7:45
DRW;ADL;73H;3:35;12:10;16:45
DRW;ASP;717;2:0;7:30;9:30
DRW;BNE;73H;3:50;12:45;17:5
DRW;CNS;717;2:25;7:0;9:55
DRW;GOV;717;1:15;6:30;7:45
DRW;PER;717;5:45;7:30;12:45
DRW;SYD;73H;4:20;0:40;6:30
DSM;DFW;CR7;2:0;16:55;18:55
DSM;LGA;ER3;2:35;6:0;9:35
DSM;ORD;CR7;1:25;17:35;19:0
DSM;STL;ERD;1:0;9:25;10:25
DTW;ATL;M80;4:20;17:50;22:10
DTW;DFW;M80;3:10;11:30;13:40
DTW;GCM;738;5:35;14:50;20:25
DTW;LGA;ER3;1:40;11:25;13:5
DTW;MIA;738;3:5;6:0;9:5
DTW;ORD;CR7;1:15;9:55;10:10
DTW;SLC;M80;7:5;14:30;19:35
DTW;TUS;M80;6:30;11:30;16:0
DTW;YUL;342;1:35;19:30;21:5
DTW;YYC;M83;8:30;7:5;13:35
DUB;BUD;736;2:55;7:30;11:25
DUB;LCY;AR1;1:25;8:50;10:15
DUB;LGW;734;1:20;8:15;9:35
DUB;MAD;320;2:25;18:15;21:40
DUB;ORD;763;8:25;10:30;12:55
DUR;CPT;733;2:5;6:0;8:5
DUR;JNB;733;1:10;6:30;7:40
DUS;BLL;J31;1:30;9:30;11:0
DUS;HEL;E70;2:25;7:40;11:5
DUS;LHR;319;1:25;16:20;16:45
DUS;MAD;320;2:30;7:50;10:20
DXB;BAH;343;1:15;6:15;6:30
DXB;BKK;744;7:50;23:55;10:45
DXB;BOM;744;2:45;22:25;2:40
DXB;HKG;343;7:5;1:15;12:20
DXB;LHR;744;7:45;2:35;6:20
EAS;BCN;DH3;1:20;7:30;8:50
EAS;MAD;319;0:55;9:5;10:0
EBB;LHR;767;9:5;9:50;15:55
EDI;LCY;AR1;1:25;9:55;11:20
EDI;LGW;319;1:30;14:10;15:40
EDI;LHR;320;1:20;15:30;16:50
EGE;DFW;757;2:10;11:55;15:5
EGE;JFK;757;4:20;8:35;14:55
EGE;LAX;757;2:15;16:10;17:25
EGE;LGA;757;4:5;14:20;20:25
EGE;MIA;757;4:5;12:45;18:50
EGE;ORD;757;2:45;11:25;15:10
EIS;SJU;AT7;0:48;13:51;14:39
ELP;DFW;ERD;1:35;19:15;21:50
ELP;LAX;ERD;2:25;8:25;9:50
ELP;MCO;M80;4:50;17:5;23:55
ELP;ORD;M80;2:55;7:10;11:5
ELP;PHL;M80;5:40;12:35;20:15
ELP;STL;M83;4:0;6:0;11:0
EMD;BNE;DH3;1:40;7:50;9:30
EVV;DFW;ER4;2:10;15:5;17:15
EVV;ORD;ER4;1:25;6:0;7:25
EWR;AUS;M80;6:35;10:20;15:55
EWR;DFW;M83;4:5;7:50;10:55
EWR;LAX;757;6:15;18:30;21:45
EWR;LHR;767;7:10;8:5;20:15
EWR;MIA;757;3:0;6:0;9:0
EWR;ORD;M80;2:35;10:20;11:55
EWR;SEA;M83;8:0;6:5;11:5
EWR;STL;ERD;2:45;8:30;10:15
EYW;MIA;AT7;0:52;18:48;19:40
EZE;AEP;320;0:35;21:35;22:10
EZE;BCN;346;14:45;23:40;17:25
EZE;DFW;777;10:30;23:45;6:15
EZE;GRU;744;2:40;14:15;16:55
EZE;GYE;320;11:30;10:50;19:20
EZE;JFK;763;10:50;22:15;6:5
EZE;LHR;744;15:0;14:15;7:15
EZE;MAD;346;11:50;1:5;15:55
EZE;MIA;763;9:15;23:30;5:45
EZE;MVD;763;0:55;13:55;14:50
EZE;PUJ;763;8:0;10:0;16:0
EZE;SCL;318;2:20;8:15;9:35
EZE;SYD;744;14:35;14:5;17:40
FAO;LGW;319;2:45;15:30;18:15
FAT;DFW;M80;3:10;6:50;12:0
FAT;HSV;M80;5:40;13:15;20:55
FAT;LAX;ERD;0:55;9:25;10:20
FCO;BUD;F70;1:50;9:55;11:45
FCO;HEL;319;3:25;19:40;0:5
FCO;HKG;343;11:25;12:25;6:50
FCO;JFK;763;9:59;10:0;13:59
FCO;LGW;319;2:40;6:0;7:40
FCO;LHR;320;2:45;14:55;16:40
FCO;MAD;319;2:20;10:20;12:40
FCO;NRT;744;12:5;21:0;17:5
FDF;SJU;AT7;2:2;8:33;10:35
FKS;ITM;734;1:20;18:55;20:15
FKS;KIX;734;1:35;9:35;11:10
FKS;OKA;734;3:15;8:40;11:55
FLL;AUS;M80;5:10;17:50;22:0
FLL;DFW;738;3:10;6:20;8:30
FLL;IND;M80;5:25;11:55;17:20
FLL;KIN;738;1:40;7:30;9:10
FLL;ORD;M80;3:20;11:55;14:15
FLL;PAP;757;1:50;8:35;10:25
FLL;SJO;738;3:0;14:15;16:15
FLL;STL;M80;5:30;17:40;22:10
FLN;EZE;32S;2:5;17:45;19:50
FLN;SCL;32S;3:30;17:45;20:15
FNT;ORD;ER4;1:15;6:10;6:25
FOC;HKG;320;1:40;11:10;12:50
FPO;MIA;AT7;0:59;17:10;18:9
FRA;BUD;F70;1:40;10:30;12:10
FRA;DFW;777;11:5;10:30;14:35
FRA;HEL;319;2:25;10:45;14:10
FRA;HKG;343;11:45;18:50;13:35
FRA;LCY;AR1;1:35;7:0;7:35
FRA;LHR;319;1:30;22:25;22:55
FRA;MAD;319;2:30;7:45;10:15
FRA;NRT;773;11:25;20:25;15:50
FRA;ORD;763;9:50;14:10;17:0
FRA;SCL;343;18:0;19:40;9:40
FRA;SIN;744;11:50;23:30;18:20
FRA;SYD;744;20:55;23:30;6:25
FRA;ZAZ;CR2;2:10;19:0;21:10
FSM;DFW;ER4;1:5;5:55;7:0
FTE;AEP;320;2:52;11:25;15:17
FTE;USH;320;1:17;8:50;10:7
FUE;MAD;320;2:25;14:35;18:0
FUE;SVQ;CR2;2:0;8:40;11:40
FUK;CTS;777;2:10;10:55;13:5
FUK;HKG;320;3:55;14:0;16:55
FUK;HND;773;1:30;20:45;22:15
FUK;ITM;734;1:5;19:15;20:20
FUK;KCZ;CRJ;0:45;8:25;9:10
FUK;KIX;767;1:0;7:25;8:25
FUK;KMI;734;0:40;9:40;10:20
FUK;MYJ;M81;0:40;9:5;9:45
FUK;NGO;M90;1:10;19:45;20:55
FUK;NKM;CRJ;1:15;7:25;8:40
FUK;NRT;734;1:35;7:10;8:45
FUK;OKA;734;1:40;19:30;21:10
FUK;SDJ;734;1:40;17:15;18:55
FUK;TPE;330;2:40;10:25;12:5
FWA;DFW;ER4;2:45;6:35;8:20
FWA;ORD;ER4;1:5;7:10;7:15
GAJ;CTS;CRJ;1:5;11:50;12:55
GAJ;HND;M81;1:0;15:20;16:20
GAJ;ITM;CRJ;1:20;9:5;10:25
GAJ;NKM;CRJ;1:5;16:55;18:0
GCM;LHR;767;11:5;19:15;11:20
GCM;MIA;738;1:25;8:25;9:50
GCM;NAS;767;1:30;19:15;20:45
GDL;DFW;ER4;2:30;8:20;10:50
GGG;DFW;ER4;0:55;10:40;11:35
GGT;MIA;AT7;1:37;15:30;17:7
GIB;LGW;733;2:55;18:15;20:10
GIG;BCN;342;13:5;21:5;13:10
GIG;JFK;763;10:5;23:10;6:15
GIG;LHR;777;11:5;23:25;12:30
GIG;MAD;342;9:45;21:5;9:50
GIG;MIA;763;8:35;23:55;5:30
GIG;SCL;32S;6:15;8:0;13:15
GJT;DFW;ER4;2:5;6:40;9:45
GLA;LCY;AR1;1:30;8:45;10:15
GLA;LGW;734;1:25;6:50;8:15
GLA;LHR;319;1:20;14:0;15:20
GLT;BNE;DH3;1:10;6:45;7:55
GLT;MKY;DH4;1:35;7:45;9:20
GLT;ROK;DH4;0:25;7:45;8:10
GMP;HND;744;1:55;12:0;13:55
GMP;KIX;767;1:40;16:0;17:40
GND;ANU;777;1:15;18:55;20:10
GND;LGW;777;10:10;18:55;9:5
GND;MIA;738;3:45;9:45;12:30
GND;SJU;AT7;2:20;7:35;9:55
GOA;LGW;734;2:5;13:45;14:50
GOA;MAD;CR9;2:5;7:0;9:5
GOT;AAR;J31;0:40;8:45;9:25
GOT;BUD;F70;1:55;10:0;11:55
GOT;HEL;E70;1:15;20:15;22:30
GOV;CNS;717;1:45;8:30;10:45
GOV;DRW;717;1:10;20:0;21:10
GPT;DFW;ER4;1:45;10:55;12:40
GRB;MQT;ER4;0:40;18:35;20:15
GRB;ORD;ER4;1:0;8:25;9:25
GRK;DFW;AT7;0:58;13:47;14:45
GRR;DFW;ER4;3:0;5:45;7:45
GRR;ORD;ER4;1:0;7:0;7:0
GRU;BCN;340;12:25;17:55;9:20
GRU;DFW;777;10:10;23:55;6:5
GRU;EZE;744;2:50;7:45;10:35
GRU;JFK;744;9:35;23:55;6:30
GRU;LHR;744;11:0;18:15;7:15
GRU;LIM;319;5:20;9:25;11:45
GRU;MAD;340;9:55;17:55;6:50
GRU;MIA;763;8:20;0:50;6:10
GRU;SCL;320;4:15;8:0;11:15
GRX;LPA;CR2;2:30;15:25;16:55
GRX;MAD;319;0:55;17:55;18:50
GRX;MLN;DH3;0:45;11:30;12:15
GRX;TFN;CR2;2:35;15:30;17:5
GSO;DFW;ER4;3:15;5:50;8:5
GSO;MIA;ERD;2:15;8:15;10:30
GSP;DFW;ER4;2:55;14:0;15:55
GUA;DFW;738;3:30;8:50;12:20
GUA;MAD;340;13:24;18:1;14:25
GUA;MIA;738;2:30;15:5;18:35
GUC;DFW;757;2:0;15:25;18:25
GUC;ORD;757;2:30;11:50;15:20
GUM;KIX;73H;3:45;5:30;8:15
GUM;NRT;747;3:45;16:5;18:50
GVA;BUD;DH4;2:10;9:55;12:5
GVA;HEL;319;3:0;8:55;12:55
GVA;LCY;AR1;1:45;13:40;14:25
GVA;LGW;319;1:35;7:10;7:45
GVA;LHR;319;1:45;15:10;15:55
GVA;MAD;319;1:50;15:25;17:15
GYE;BCN;340;14:10;21:0;17:10
GYE;EZE;320;7:35;23:25;10:0
GYE;JFK;763;6:45;13:55;20:40
GYE;LIM;763;1:50;18:30;20:20
GYE;MAD;340;10:45;21:0;13:45
GYE;MIA;763;7:40;12:40;20:20
GYE;SCL;320;4:45;23:25;6:10
HAM;BUD;73G;1:40;7:0;8:40
HAM;HEL;E70;1:50;12:50;15:40
HAM;LHR;319;1:40;18:15;18:55
HAN;HKG;320;1:50;10:45;13:35
HAN;KIX;73H;4:5;23:30;5:35
HAN;NRT;767;4:50;23:55;6:45
HAV;BCN;340;11:55;23:15;17:10
HAV;MAD;340;8:45;23:15;14:0
HAV;SCL;763;8:0;1:25;11:25
HBA;MEL;73H;1:15;6:5;7:20
HBA;SYD;734;1:50;15:0;16:50
HDN;BOS;757;6:30;14:5;22:35
HDN;DFW;757;2:10;8:30;11:40
HDN;ORD;757;2:45;15:55;19:40
HEL;AMS;319;2:35;8:15;9:50
HEL;ARN;319;0:55;16:0;15:55
HEL;BCN;320;3:55;17:25;20:20
HEL;BKK;M11;9:35;20:15;10:50
HEL;BLL;FRJ;2:10;16:15;17:25
HEL;BOM;M11;7:30;17:25;4:25
HEL;BRU;320;2:35;16:40;18:15
HEL;BUD;319;2:20;17:10;18:30
HEL;CDG;320;3:5;12:15;14:20
HEL;CPH;319;1:40;7:35;8:15
HEL;DEL;M11;6:40;20:0;6:10
HEL;DUS;E70;2:25;7:40;9:5
HEL;FCO;319;3:20;16:20;18:40
HEL;FRA;319;2:35;17:5;18:40
HEL;GOT;E70;1:25;8:0;8:25
HEL;GVA;319;3:0;6:15;8:15
HEL;HAM;E70;1:55;11:15;12:10
HEL;HKG;340;9:39;16:20;7:59
HEL;ICN;340;8:50;17:30;9:20
HEL;IVL;319;1:35;10:20;11:55
HEL;JFK;M11;8:35;14:20;15:55
HEL;JOE;320;0:50;6:15;7:5
HEL;JYV;E90;0:40;6:30;7:10
HEL;KAJ;E70;1:0;6:25;7:25
HEL;KAO;319;1:15;12:10;13:25
HEL;KBP;E70;1:55;10:30;12:25
HEL;KIX;M11;9:25;17:20;9:45
HEL;KOK;E70;0:55;6:15;7:10
HEL;KTT;320;1:25;8:15;9:40
HEL;KUO;319;0:50;16:10;17:0
HEL;LED;319;1:0;9:50;11:50
HEL;LHR;320;3:5;14:5;15:10
HEL;LIS;319;4:50;16:40;19:30
HEL;MAD;320;4:25;17:0;20:25
HEL;MAN;319;3:0;8:20;9:20
HEL;MUC;319;2:30;16:20;17:50
HEL;MXP;319;3:0;8:5;10:5
HEL;NGO;340;9:40;17:20;10:0
HEL;NRT;340;9:40;17:20;10:0
HEL;OSL;319;1:30;7:35;8:5
HEL;OTP;E70;2:40;9:40;12:20
HEL;OUL;319;1:5;19:10;20:15
HEL;PEK;340;7:40;20:0;9:40
HEL;PRG;319;2:10;9:35;10:45
HEL;PVG;340;9:10;17:10;8:20
HEL;RIX;E70;0:55;9:35;10:30
HEL;RVN;319;1:20;7:30;8:50
HEL;STR;ER4;2:40;8:0;9:40
HEL;SVO;320;1:40;9:25;12:5
HEL;SVX;319;3:0;23:45;5:45
HEL;TKU;AT7;0:35;7:25;8:0
HEL;TLL;AT7;0:30;8:0;8:30
HEL;TMP;AT5;0:35;14:45;15:20
HEL;TXL;319;1:55;9:40;10:35
HEL;VAA;319;0:50;6:35;7:25
HEL;VIE;319;2:30;8:20;9:50
HEL;VNO;E70;1:15;9:30;10:45
HEL;WAW;E70;1:40;11:45;12:25
HEL;ZRH;319;2:45;7:55;9:40
HGH;HKG;320;2:20;8:0;10:20
HGH;KIX;73H;2:15;13:30;16:45
HGH;NRT;73H;2:55;12:40;16:35
HID;CNS;DH3;1:55;10:15;12:10
HIJ;CTS;M90;1:50;10:20;12:10
HIJ;HND;767;1:15;9:10;10:25
HKD;HND;767;1:25;9:45;11:10
HKG;ADL;333;8:40;23:40;10:50
HKG;AKL;343;11:5;15:25;7:30
HKG;AMS;744;12:55;0:30;6:25
HKG;BAH;343;11:35;23:55;6:30
HKG;BKI;320;3:0;15:55;18:55
HKG;BKK;313;2:50;20:30;22:20
HKG;BLR;330;5:55;22:15;1:40
HKG;BNE;333;8:45;22:45;9:30
HKG;BOM;343;6:35;21:55;2:0
HKG;CDG;343;13:45;23:0;5:45
HKG;CEB;330;2:40;9:5;11:45
HKG;CGK;330;4:45;9:30;13:15
HKG;CKG;320;2:15;13:50;16:5
HKG;CMB;773;8:0;18:20;23:50
HKG;CNS;332;7:20;19:35;4:55
HKG;CSX;320;1:30;14:15;15:45
HKG;CTS;330;4:30;9:40;15:10
HKG;CTU;321;2:40;10:30;13:10
HKG;DAC;330;4:25;20:10;22:35
HKG;DEL;330;6:25;9:50;13:45
HKG;DLC;320;3:30;10:40;14:10
HKG;DPS;773;4:45;10:5;14:50
HKG;DXB;343;9:0;16:40;21:40
HKG;FCO;343;13:45;0:15;7:0
HKG;FOC;320;1:30;8:50;10:20
HKG;FRA;343;13:10;23:5;5:15
HKG;FUK;320;3:10;8:50;13:0
HKG;HAN;320;1:55;18:5;19:0
HKG;HEL;340;10:55;9:45;14:40
HKG;HGH;320;2:10;19:55;22:5
HKG;HKT;320;3:40;14:45;17:25
HKG;HND;777;3:40;1:50;6:30
HKG;ICN;330;3:25;0:20;4:45
HKG;JFK;773;15:25;9:45;12:10
HKG;JNB;744;12:50;23:45;6:35
HKG;KHH;330;1:25;9:0;10:25
HKG;KHI;330;9:35;16:45;23:20
HKG;KIX;330;3:20;10:20;14:40
HKG;KMG;320;2:20;12:5;14:25
HKG;KTM;320;5:20;18:55;22:0
HKG;KUL;330;3:45;13:0;16:45
HKG;KWL;320;1:25;17:25;18:50
HKG;LAX;343;12:30;15:55;12:25
HKG;LHR;343;13:35;9:25;15:0
HKG;MAA;330;5:45;22:15;1:30
HKG;MEL;330;9:10;19:20;7:30
HKG;MNL;320;2:0;20:0;22:0
HKG;NGB;320;2:10;11:10;13:20
HKG;NGO;330;3:30;10:30;15:0
HKG;NKG;320;2:25;18:35;21:0
HKG;NRT;330;4:0;9:25;14:25
HKG;PEK;321;3:20;16:45;20:5
HKG;PEN;330;3:40;15:0;18:40
HKG;PER;333;7:40;15:5;23:45
HKG;PNH;320;2:35;8:55;10:30
HKG;PUS;320;3:10;14:25;18:35
HKG;PVG;320;2:20;9:30;11:50
HKG;RMQ;320;1:35;11:30;13:5
HKG;RUH;777;11:45;16:30;23:15
HKG;SFO;744;11:50;14:10;10:0
HKG;SGN;330;2:30;16:30;18:0
HKG;SHE;320;5:15;10:40;15:55
HKG;SIN;330;3:45;18:35;22:20
HKG;SUB;330;4:40;15:55;19:35
HKG;SYD;330;9:0;9:0;21:0
HKG;SYX;320;1:25;18:30;19:55
HKG;TAO;330;3:5;10:45;13:50
HKG;TPE;330;1:30;12:30;14:0
HKG;WUH;320;2:0;8:5;10:5
HKG;XIY;320;2:55;15:55;18:50
HKG;XMN;320;1:5;13:40;14:45
HKG;YVR;343;11:40;0:5;19:45
HKG;YYZ;773;14:30;16:35;18:5
HKT;HKG;320;3:25;12:30;16:55
HNA;CTS;M90;0:55;9:40;10:35
HNA;ITM;CRJ;1:40;12:45;14:25
HNA;KIX;M81;1:50;10:30;12:20
HNA;NGO;M90;1:25;9:40;11:5
HND;AKJ;AB6;1:40;7:30;9:10
HND;AOJ;AB6;1:20;7:15;8:35
HND;ASJ;M81;2:30;8:30;11:0
HND;AXT;73H;1:10;12:35;13:45
HND;CTS;744;1:35;7:25;9:0
HND;FUK;773;1:55;18:0;19:55
HND;GAJ;M81;1:0;13:15;14:15
HND;GMP;744;2:25;8:20;10:45
HND;HIJ;767;1:30;6:55;8:25
HND;HKD;767;1:20;7:40;9:0
HND;HKG;777;5:0;20:30;0:30
HND;ISG;734;3:30;6:25;9:55
HND;ITM;777;1:10;6:25;7:35
HND;IZO;AB6;1:30;11:0;12:30
HND;KCZ;734;1:30;16:25;17:55
HND;KIX;734;1:20;20:40;22:0
HND;KKJ;73H;1:45;13:10;14:55
HND;KMI;73H;1:50;7:30;9:20
HND;KMJ;73H;1:55;15:35;17:30
HND;KMQ;767;1:5;11:0;12:5
HND;KOJ;767;1:55;9:15;11:10
HND;KUH;AB6;1:35;12:50;14:25
HND;MMB;AB6;1:45;7:45;9:30
HND;MMY;734;3:20;6:50;10:10
HND;MSJ;M90;1:20;7:55;9:15
HND;MYJ;73H;1:35;11:15;12:50
HND;NGS;AB6;2:0;7:55;9:55
HND;OBO;AB6;1:30;7:55;9:25
HND;OIT;767;1:45;18:55;20:40
HND;OKA;744;2:50;8:5;10:55
HND;OKJ;734;1:20;7:35;8:55
HND;SHA;777;3:25;9:25;11:50
HND;SHM;M81;1:15;9:5;10:20
HND;TAK;767;1:20;17:0;18:20
HND;TKS;AB6;1:20;7:20;8:40
HND;UBJ;73H;1:45;7:30;9:15
HND;UKB;767;1:20;8:15;9:35
HNL;DFW;763;7:15;18:50;6:5
HNL;KIX;744;9:40;13:30;18:10
HNL;LAX;757;5:20;8:25;15:45
HNL;MIA;757;11:15;14:10;6:25
HNL;NGO;747;9:20;9:20;13:40
HNL;NRT;744;9:10;8:0;12:10
HNL;ORD;763;8:15;17:0;5:15
HNL;SFO;757;5:10;13:50;21:0
HNL;SYD;763;10:35;10:15;17:50
HOU;DFW;ER4;1:5;6:5;7:10
HPN;ORD;ERD;2:25;6:0;7:25
HRE;JNB;733;1:45;14:30;16:15
HSV;AUS;M80;4:5;17:35;21:40
HSV;DFW;M80;2:15;6:0;8:15
HSV;LAS;M80;6:10;11:45;15:55
HSV;MCI;M80;4:35;6:0;10:35
HSV;ORD;ERD;2:5;14:20;16:25
HTI;CNS;DH3;1:25;9:40;11:5
HVB;BNE;DH3;0:50;8:15;9:5
HYD;LHR;777;10:55;7:30;12:55
IAD;BCN;340;10:35;20:35;13:10
IAD;DFW;738;3:30;7:50;10:20
IAD;LAX;738;5:40;14:10;16:50
IAD;LHR;744;6:55;18:50;6:45
IAD;MAD;340;7:20;20:35;9:55
IAD;MFE;M80;6:0;9:30;14:30
IAD;MIA;738;2:40;6:0;8:40
IAD;SAT;M80;5:25;19:15;23:40
IAD;SNA;738;7:50;7:50;12:40
IAD;STL;ER4;2:15;20:0;21:15
IAD;XNA;M80;5:25;10:45;15:10
IAH;BUR;M80;5:35;17:5;20:40
IAH;BWI;M80;4:55;11:55;17:50
IAH;COS;M80;4:5;9:0;12:5
IAH;DFW;738;1:20;19:35;20:55
IAH;LGA;M80;5:39;15:50;22:29
IAH;LHR;744;8:50;16:25;7:15
IAH;MIA;738;2:10;6:0;9:10
IAH;MSP;M80;4:30;7:50;12:20
IAH;ORD;M80;2:40;13:15;15:55
IAH;TPA;738;4:10;10:50;16:0
IBZ;AGP;CR2;1:20;9:20;10:40
IBZ;ALC;CR2;0:45;13:0;13:45
IBZ;BCN;CR2;0:55;11:55;12:50
IBZ;MAD;320;1:5;13:30;14:35
IBZ;MAH;DH3;0:55;17:50;18:45
IBZ;ORY;CR2;2:0;8:40;10:40
IBZ;PMI;AT7;0:40;7:30;8:10
IBZ;VLC;AT7;0:45;18:25;19:10
ICN;HEL;340;10:10;11:10;14:20
ICN;HKG;330;3:55;8:50;11:45
ICN;KIX;767;1:40;12:25;14:5
ICN;NGO;767;2:0;18:0;20:0
ICN;NRT;744;2:20;14:0;16:20
ICN;TPE;330;2:45;9:15;11:0
ICT;ATL;M80;4:15;14:55;20:10
ICT;AUS;M83;3:55;6:30;10:25
ICT;BWI;M80;5:0;18:5;0:5
ICT;DFW;M80;1:20;11:35;12:55
ICT;ORD;ER4;1:50;6:10;8:0
ICT;SJD;M80;5:15;11:35;15:50
ICT;STL;ERD;1:15;15:25;16:40
IGR;AEP;320;1:50;9:30;11:20
IGR;MVD;320;1:50;10:30;12:20
IND;AUS;M80;4:25;8:50;12:15
IND;DFW;M80;2:30;14:10;15:40
IND;MIA;ER4;2:50;15:35;18:25
IND;ORD;CR7;1:15;20:35;20:50
IND;PHL;M80;4:35;8:5;12:40
IND;STL;ER4;1:5;14:55;15:0
IPC;SCL;763;4:40;11:45;18:25
IQQ;ANF;318;0:55;21:35;22:30
IQQ;ARI;318;0:45;20:45;21:30
IQQ;CPO;318;1:20;12:30;13:50
IQQ;LPB;32S;1:5;9:5;9:10
IQQ;SCL;318;2:15;6:30;8:45
IQQ;SLA;319;1:25;10:5;11:30
IQQ;VVI;319;1:40;9:5;9:45
IQT;CUZ;319;3:30;9:0;12:30
IQT;LIM;319;1:40;9:0;10:40
ISA;BNE;734;2:15;12:15;14:30
ISG;HND;734;3:35;12:5;15:40
ISG;KIX;734;3:10;16:15;19:25
ISG;MMY;734;0:30;12:5;12:35
ISG;OGN;734;0:30;10:20;10:50
ISG;OKA;734;0:50;8:50;9:40
ISG;UKB;734;3:20;15:35;18:55
IST;BUD;73G;2:0;15:40;16:40
IST;LHR;320;4:15;9:5;11:20
IST;MAD;319;4:15;6:55;10:10
ITM;AKJ;M81;1:55;12:55;14:50
ITM;AOJ;M90;1:30;8:15;9:45
ITM;ASJ;M81;1:45;11:40;13:25
ITM;AXT;M90;1:20;8:25;9:45
ITM;CTS;767;1:45;9:15;11:0
ITM;FKS;734;1:10;7:45;8:55
ITM;FUK;734;1:15;7:45;9:0
ITM;GAJ;CRJ;1:15;7:25;8:40
ITM;HNA;CRJ;1:25;10:55;12:20
ITM;HND;777;1:5;7:20;8:25
ITM;KIJ;M90;1:5;10:10;11:15
ITM;KMI;73H;1:10;12:55;14:5
ITM;KMJ;73H;1:10;7:50;9:0
ITM;KOJ;734;1:15;8:0;9:15
ITM;MSJ;M90;1:30;12:20;13:50
ITM;NGS;M81;1:20;7:55;9:15
ITM;NRT;773;1:15;8:35;9:50
ITM;OKA;767;2:15;13:5;15:20
ITM;SDJ;734;1:10;8:20;9:30
IVL;HEL;319;1:30;12:35;14:5
IVL;KTT;320;0:35;12:30;13:5
IZO;HND;AB6;1:20;7:35;8:55
JAC;DFW;757;3:0;7:25;11:25
JAC;ORD;757;3:0;14:30;18:30
JAN;DFW;ER4;1:35;9:30;11:5
JAX;DFW;M80;2:55;7:5;9:0
JAX;MEX;M80;6:30;14:15;19:45
JAX;MIA;AT7;1:43;16:40;18:23
JAX;OKC;M80;4:40;18:10;21:50
JAX;ORD;ER4;2:45;7:35;9:20
JAX;STL;ERD;2:20;17:10;18:30
JER;LGW;319;0:55;13:35;14:30
JFK;AUA;757;4:35;12:15;17:50
JFK;BCN;340;9:50;18:0;9:50
JFK;BDA;757;2:20;17:15;20:35
JFK;BGI;757;4:50;8:25;14:15
JFK;BOS;ER3;1:10;15:20;16:30
JFK;BRU;763;7:25;18:15;7:40
JFK;BWI;ER4;1:20;15:20;16:40
JFK;CCS;757;5:5;17:55;23:30
JFK;CDG;763;7:15;22:0;11:15
JFK;CUN;757;4:30;11:10;14:40
JFK;DCA;ER3;1:30;8:25;9:55
JFK;DFW;M83;4:20;17:35;20:55
JFK;EGE;757;4:45;17:0;19:45
JFK;EZE;763;11:0;22:15;12:15
JFK;FCO;763;8:35;17:20;7:55
JFK;FLL;777;2:50;15:10;18:0
JFK;GIG;763;10:0;21:25;10:25
JFK;GRU;744;9:45;19:40;8:25
JFK;GYE;763;6:50;10:20;17:10
JFK;HEL;M11;8:5;17:45;8:50
JFK;HKG;773;16:10;9:15;14:25
JFK;LAS;757;6:0;16:45;19:45
JFK;LAX;762;6:15;12:10;15:25
JFK;LGW;777;7:5;18:0;6:5
JFK;LHR;744;7:0;8:40;20:40
JFK;LIM;763;8:0;22:30;6:30
JFK;MAD;340;7:10;18:0;7:10
JFK;MBJ;757;4:0;11:55;15:55
JFK;MCO;M80;3:5;15:35;18:40
JFK;MIA;757;3:25;18:55;22:20
JFK;MXP;763;8:20;17:35;7:55
JFK;NRT;744;14:20;8:50;13:10
JFK;ORD;M80;3:5;17:25;19:30
JFK;PAP;763;4:10;9:55;14:5
JFK;PIT;ER4;1:45;15:50;17:35
JFK;PLS;757;3:30;7:25;10:55
JFK;PUJ;AB6;4:0;11:25;16:25
JFK;RDU;ERD;1:40;13:55;15:35
JFK;SAN;763;6:5;15:55;19:0
JFK;SCL;763;10:50;20:0;8:50
JFK;SDQ;763;4:0;9:25;14:25
JFK;SEA;757;6:15;16:20;19:35
JFK;SFO;762;6:30;10:50;14:20
JFK;SJU;AB6;3:55;6:30;11:25
JFK;SKB;757;4:20;10:55;16:15
JFK;STI;AB6;3:45;7:15;12:0
JFK;STL;ERD;4:30;15:50;19:20
JFK;STT;757;3:50;10:45;15:35
JFK;SXM;757;3:55;10:45;15:40
JFK;TPA;M80;3:10;15:30;18:40
JFK;UVF;757;4:45;10:30;16:15
JFK;YHZ;ER3;2:0;19:40;22:40
JFK;YUL;ER3;1:30;14:55;16:25
JFK;YVR;773;6:0;21:45;0:45
JFK;YYZ;763;1:40;10:5;11:45
JFK;ZRH;763;7:45;17:25;7:10
JNB;BCN;340;13:0;21:50;9:50
JNB;CPT;733;2:10;15:0;17:10
JNB;DUR;733;1:10;7:0;8:10
JNB;HKG;744;12:30;13:10;7:40
JNB;HRE;733;1:40;12:15;13:55
JNB;LHR;744;10:55;20:20;5:15
JNB;LVI;733;1:45;10:45;12:30
JNB;MAD;340;10:10;21:50;7:0
JNB;MRU;733;4:10;8:30;15:40
JNB;PLZ;733;1:40;6:30;8:10
JNB;SYD;744;11:45;17:50;14:35
JNB;VFA;733;1:45;11:25;13:10
JNB;WDH;733;2:0;12:0;14:0
JOE;HEL;320;0:50;7:30;8:20
JUL;AQP;319;0:50;14:35;15:25
JUL;CUZ;319;0:55;8:5;9:0
JUL;LIM;319;1:40;9:10;10:50
JYV;HEL;E90;0:40;6:10;6:50
KAJ;HEL;E70;0:55;17:55;18:50
KAJ;OUL;E70;0:30;20:40;21:10
KAO;HEL;319;1:10;14:0;15:10
KBP;BUD;73G;1:40;16:10;16:50
KBP;HEL;E70;2:5;13:15;15:20
KBP;LHR;320;3:35;14:15;15:50
KCZ;FUK;CRJ;0:55;9:35;10:30
KCZ;HND;734;1:15;18:40;19:55
KCZ;NKM;CRJ;0:55;8:45;9:40
KCZ;OKA;734;2:0;12:30;14:30
KGI;PER;717;1:5;8:0;9:5
KHH;HKG;330;1:30;11:20;12:50
KHH;NRT;767;3:10;8:50;13:0
KHI;BKK;330;4:35;0:30;7:5
KHI;HKG;330;8:40;0:30;12:10
KIJ;ITM;M90;1:10;8:20;9:30
KIJ;NKM;CRJ;0:55;8:50;9:45
KIN;FLL;738;1:50;10:15;12:5
KIN;LGW;777;8:50;19:20;9:10
KIN;MIA;738;1:50;8:0;9:50
KIX;AKJ;M81;1:55;11:50;13:45
KIX;AXT;M90;1:25;16:15;17:40
KIX;BKK;767;6:20;17:25;21:45
KIX;CAN;73H;4:40;10:0;13:40
KIX;CTS;734;1:50;11:55;13:45
KIX;DLC;73H;2:40;9:55;11:35
KIX;DPS;767;7:5;17:40;23:45
KIX;FKS;734;1:10;17:5;18:15
KIX;FUK;767;1:15;20:20;21:35
KIX;GMP;767;1:55;13:0;14:55
KIX;GUM;767;3:25;22:0;2:25
KIX;HAN;73H;5:40;18:40;22:20
KIX;HEL;M11;10:15;12:0;15:15
KIX;HGH;73H;3:0;9:40;11:40
KIX;HKG;330;4:20;15:10;18:30
KIX;HNA;M81;1:25;16:45;18:10
KIX;HND;734;1:10;22:10;23:20
KIX;HNL;744;6:45;21:25;9:10
KIX;ICN;767;2:0;9:30;11:30
KIX;ISG;734;2:50;10:25;13:15
KIX;KUL;767;9:10;13:5;21:15
KIX;LHR;777;12:45;9:50;13:35
KIX;MMB;M90;2:0;12:55;14:55
KIX;OKA;734;2:15;7:10;9:25
KIX;PEK;767;3:25;10:25;12:50
KIX;PUS;767;1:30;9:30;11:0
KIX;PVG;767;2:45;10:30;12:15
KIX;SIN;767;6:55;13:5;19:0
KIX;TPE;767;3:15;9:45;12:0
KKJ;HND;73H;1:30;8:25;9:55
KKJ;OKA;734;1:55;8:0;9:55
KMG;HKG;320;2:10;15:20;17:30
KMI;FUK;734;0:45;11:0;11:45
KMI;HND;73H;1:25;8:10;9:35
KMI;ITM;73H;1:5;14:50;15:55
KMJ;HND;73H;1:30;9:45;11:15
KMJ;ITM;73H;1:5;18:25;19:30
KMJ;NGO;734;1:10;10:45;11:55
KMJ;NKM;CRJ;1:15;13:0;14:15
KMQ;HND;767;1:5;8:0;9:5
KMQ;OKA;734;2:40;8:30;11:10
KOA;LAX;757;5:0;22:25;5:25
KOA;NRT;747;11:45;10:5;16:50
KOJ;ASJ;M81;0:55;7:45;8:40
KOJ;HND;767;1:35;11:55;13:30
KOJ;ITM;734;1:10;19:15;20:25
KOJ;NGO;734;1:15;9:50;11:5
KOJ;TKN;M81;1:5;10:50;11:55
KOJ;UKB;734;1:5;9:55;11:0
KOK;HEL;E70;0:55;7:30;8:25
KRK;LGW;734;2:30;13:20;14:50
KRK;MAD;CR9;3:25;13:45;17:10
KTA;BNE;73H;4:40;9:30;15:10
KTA;PER;100;2:5;16:15;18:20
KTD;MMD;DH1;0:15;15:50;16:5
KTD;OKA;DH1;1:20;16:30;17:50
KTM;HKG;320;4:25;22:50;5:30
KTT;HEL;320;1:20;10:15;11:35
KTT;IVL;320;0:35;12:25;13:0
KUH;HND;AB6;1:45;15:15;17:0
KUL;HKG;330;3:45;17:55;21:40
KUL;KIX;767;8:25;20:35;6:0
KUL;NRT;767;6:45;23:5;6:50
KUL;SIN;767;1:5;20:35;21:40
KUO;HEL;319;0:45;17:25;18:10
KWI;LHR;777;6:50;8:55;12:45
KWL;HKG;320;1:25;19:45;21:10
LAD;LHR;777;8:40;23:55;7:35
LAS;AUS;M80;4:25;17:55;0:20
LAS;BOS;757;7:5;7:10;17:15
LAS;DCA;M80;5:29;14:30;22:59
LAS;DFW;738;2:35;6:0;10:35
LAS;JFK;757;4:44;7:15;14:59
LAS;LAX;M80;1:15;18:40;19:55
LAS;MIA;757;4:20;6:5;13:25
LAS;ORD;M83;3:30;17:25;22:55
LAS;SJU;757;7:55;6:5;18:0
LAS;STL;757;5:20;8:30;15:50
LAS;YUL;738;7:0;8:55;18:55
LAW;DFW;AT7;0:54;14:56;15:50
LAX;AUS;M80;2:50;13:15;18:5
LAX;BNA;738;3:55;11:55;17:50
LAX;BOS;757;5:15;14:50;23:5
LAX;BZE;738;6:55;6:35;15:30
LAX;DCA;M83;6:50;6:5;15:55
LAX;DEN;738;2:15;17:55;21:10
LAX;DFW;738;2:50;0:15;5:5
LAX;EGE;757;2:15;12:0;15:15
LAX;ELP;ERD;1:45;16:0;18:45
LAX;EWR;757;5:10;9:0;17:10
LAX;EZE;763;14:5;14:25;10:30
LAX;FAT;ERD;1:0;7:45;8:45
LAX;FLL;738;6:45;11:55;21:40
LAX;HKG;773;15:25;0:5;7:30
LAX;HNL;757;5:50;8:30;12:20
LAX;IAD;738;4:35;22:35;6:10
LAX;JFK;762;5:5;16:30;0:35
LAX;KOA;757;5:40;17:15;20:55
LAX;LAS;M80;1:15;10:5;11:20
LAX;LHR;744;10:10;15:45;9:55
LAX;LIH;757;5:55;17:0;20:55
LAX;LIM;763;8:35;12:0;23:35
LAX;MAN;763;13:35;9:30;7:5
LAX;MCI;757;5:35;12:15;19:50
LAX;MCO;757;4:30;8:55;16:25
LAX;MIA;738;4:45;21:35;5:20
LAX;MRY;ERD;1:10;10:35;11:45
LAX;NRT;744;11:40;12:0;16:40
LAX;OGG;757;5:35;9:55;13:30
LAX;ORD;757;3:55;23:45;5:40
LAX;SAL;757;4:45;23:30;6:15
LAX;SAN;ERD;0:50;8:25;9:15
LAX;SBA;ERD;0:40;8:0;8:40
LAX;SCL;763;11:5;14:25;6:30
LAX;SFO;M80;1:20;18:55;20:15
LAX;SJC;ERD;1:15;7:10;8:25
LAX;SJD;M80;2:25;14:25;17:50
LAX;SJU;757;6:25;23:25;9:50
LAX;STL;757;3:25;8:35;14:0
LAX;SYD;744;14:35;12:45;22:20
LAX;TPA;M80;6:20;8:5;17:25
LAX;XNA;CR7;3:0;16:20;21:20
LAX;YYZ;738;4:40;10:5;17:45
LBB;DFW;AT7;1:25;8:55;10:20
LCA;BUD;736;3:0;4:10;6:10
LCA;LHR;767;5:10;16:15;19:25
LCG;BIO;CR2;1:0;13:30;14:30
LCG;MAD;319;1:10;6:30;7:40
LCG;ZAZ;CR2;1:25;9:0;10:25
LCY;AMS;AR1;1:10;8:40;10:50
LCY;BCN;AR1;2:10;9:15;12:25
LCY;BLL;D38;1:45;10:30;13:15
LCY;DUB;AR1;1:20;7:0;8:20
LCY;EDI;AR1;1:25;17:45;19:10
LCY;FRA;AR1;1:30;8:10;10:40
LCY;GLA;AR1;1:25;6:50;8:15
LCY;GVA;AR1;1:40;10:50;13:30
LCY;LYS;AR1;1:45;6:50;9:35
LCY;MAD;AR8;2:40;7:55;11:35
LCY;NCE;AR1;2:5;7:0;10:5
LCY;WAW;AR1;2:30;12:45;16:15
LCY;ZRH;AR1;1:40;8:5;10:45
LDH;BNE;DH8;2:5;12:35;13:40
LDH;SYD;DH8;2:0;9:10;11:10
LED;HEL;319;0:55;12:35;12:30
LED;LHR;320;3:40;17:0;17:40
LEI;BCN;CR2;1:15;7:15;8:30
LEI;MAD;CR2;1:5;10:5;11:10
LEI;MLN;DH3;0:40;11:40;12:20
LEN;BCN;CR2;1:25;7:0;8:25
LEN;MAD;CR2;1:0;7:0;8:0
LEX;DFW;ERD;2:35;6:25;8:0
LFT;DFW;ER4;1:25;10:55;12:20
LGA;BNA;M80;2:35;15:29;17:4
LGA;BOS;ER3;1:5;6:30;7:35
LGA;CID;ER3;3:15;11:10;13:25
LGA;CMH;ER3;1:50;21:10;23:0
LGA;DEN;M80;6:20;11:55;16:15
LGA;DFW;738;4:5;21:15;0:20
LGA;DSM;ER3;3:20;18:0;20:20
LGA;DTW;ER3;2:5;20:50;22:55
LGA;EGE;757;4:40;10:40;13:20
LGA;MCO;M80;3:0;9:0;12:0
LGA;MIA;738;3:10;12:0;15:10
LGA;MSN;ER3;2:45;10:50;12:35
LGA;ORD;757;2:35;6:29;8:4
LGA;PBI;M80;3:15;12:0;15:15
LGA;PHX;M80;7:35;10:45;16:20
LGA;PIT;ER3;1:35;7:0;8:35
LGA;PSP;M83;8:0;7:20;12:20
LGA;RDU;ER3;1:45;6:15;8:0
LGA;SAT;M80;6:35;7:50;13:25
LGA;SNA;757;8:25;8:50;14:15
LGA;STL;M80;2:50;19:59;21:49
LGA;XNA;ER3;3:40;18:0;20:40
LGA;YUL;ER3;1:25;6:50;8:15
LGA;YYZ;ER3;1:41;7:59;9:40
LGW;ADB;734;3:55;7:55;13:50
LGW;AGP;734;2:50;10:20;14:10
LGW;ALC;319;2:25;7:20;10:45
LGW;AMS;319;1:10;15:5;17:15
LGW;ANU;777;8:40;10:30;15:10
LGW;ATL;777;9:30;12:0;16:30
LGW;AYT;734;4:15;10:0;16:15
LGW;BCN;734;2:0;16:55;19:55
LGW;BDA;777;7:50;14:25;18:15
LGW;BGI;777;8:45;13:15;18:0
LGW;BLQ;319;2:10;8:20;11:30
LGW;BOD;734;1:35;13:40;16:15
LGW;BUD;73G;2:30;9:30;13:0
LGW;CTA;319;3:5;14:10;18:15
LGW;DBV;734;2:40;11:0;14:40
LGW;DUB;734;1:15;6:25;7:40
LGW;EDI;319;1:25;12:10;13:35
LGW;FAO;733;2:50;10:50;13:40
LGW;FCO;319;2:30;19:15;22:45
LGW;GIB;733;2:55;13:35;17:30
LGW;GLA;734;1:25;8:30;9:55
LGW;GND;777;10:50;10:30;17:20
LGW;GOA;734;2:0;10:0;13:0
LGW;GVA;319;1:30;14:50;17:20
LGW;JER;319;0:55;16:15;17:10
LGW;JFK;777;7:55;11:20;14:15
LGW;KIN;777;10:5;12:15;17:20
LGW;KRK;734;2:25;9:10;12:35
LGW;LUX;734;1:10;15:0;17:10
LGW;MAD;319;2:20;14:10;17:30
LGW;MAN;734;1:0;16:15;17:15
LGW;MCO;777;9:45;11:40;16:25
LGW;MLA;734;3:5;12:15;16:20
LGW;MRS;734;1:45;14:30;17:15
LGW;NAP;319;2:45;7:30;11:15
LGW;PFO;734;4:30;8:55;15:25
LGW;PMI;319;2:25;10:20;13:45
LGW;POS;777;10:55;10:25;17:20
LGW;PRN;319;3:30;9:50;14:20
LGW;PSA;319;2:5;12:40;15:45
LGW;SKB;777;10:15;10:30;16:45
LGW;SKG;319;3:20;8:40;14:0
LGW;SZG;733;2:0;8:0;11:0
LGW;TAB;777;11:5;10:30;17:35
LGW;TIA;319;3:0;10:20;14:20
LGW;TLS;734;1:40;15:15;17:55
LGW;TPA;777;9:55;11:45;16:40
LGW;TRN;319;1:50;8:15;11:5
LGW;TUN;319;2:50;10:15;14:5
LGW;UVF;777;8:55;10:25;15:20
LGW;VAR;734;3:25;9:15;14:40
LGW;VCE;319;2:10;7:50;11:0
LGW;VRN;734;2:0;10:55;13:55
LGW;ZRH;734;1:35;7:45;10:20
LHR;ABV;777;6:15;22:15;5:30
LHR;ABZ;319;1:30;17:40;19:10
LHR;ACC;767;6:55;14:0;20:55
LHR;AGP;321;2:50;11:40;15:30
LHR;ALG;321;2:50;8:40;12:30
LHR;AMS;319;1:15;18:0;20:15
LHR;ARN;319;2:30;18:5;21:35
LHR;ATH;320;3:40;7:55;13:35
LHR;AUH;777;6:50;9:30;20:20
LHR;BAH;744;6:15;10:20;19:35
LHR;BCN;320;2:0;11:25;14:25
LHR;BEG;319;2:45;8:25;12:10
LHR;BKK;744;11:10;21:30;15:40
LHR;BLR;744;9:30;13:50;4:50
LHR;BOM;744;8:40;10:30;0:40
LHR;BOS;763;7:50;10:30;13:20
LHR;BRU;319;1:10;6:55;9:5
LHR;BSL;319;1:35;8:55;11:30
LHR;BUD;320;2:30;13:45;17:15
LHR;BWI;767;8:30;12:50;16:20
LHR;CAI;744;4:40;16:55;23:35
LHR;CCU;777;9:30;10:15;1:15
LHR;CDG;319;1:15;18:35;20:50
LHR;CPH;319;1:55;16:25;19:20
LHR;CPT;744;11:30;16:45;6:15
LHR;DAC;777;9:35;10:15;1:50
LHR;DAR;767;9:35;18:25;7:0
LHR;DEL;744;8:5;11:50;1:25
LHR;DEN;777;9:50;12:35;15:25
LHR;DFW;763;10:50;13:5;17:55
LHR;DME;320;3:50;21:50;4:40
LHR;DOH;744;8:10;10:20;21:30
LHR;DUS;319;1:20;9:5;11:25
LHR;DXB;744;6:50;12:35;23:25
LHR;EBB;767;8:25;20:55;8:20
LHR;EDI;320;1:20;7:55;9:15
LHR;EWR;767;8:20;18:40;22:0
LHR;EZE;744;15:25;21:10;10:35
LHR;FCO;320;2:25;10:30;13:55
LHR;FRA;319;1:40;15:25;18:5
LHR;GCM;767;12:50;9:45;17:35
LHR;GIG;777;11:35;12:10;21:45
LHR;GLA;319;1:20;7:5;8:25
LHR;GRU;744;11:35;21:10;6:45
LHR;GVA;319;1:40;6:50;9:30
LHR;HAM;319;1:35;7:50;10:25
LHR;HEL;320;2:55;7:30;12:25
LHR;HKG;343;12:20;20:50;17:10
LHR;HYD;777;9:30;13:40;4:40
LHR;IAD;744;8:5;11:5;14:10
LHR;IAH;744;10:10;10:5;14:15
LHR;IST;320;3:50;16:5;21:55
LHR;JFK;744;7:35;8:20;10:55
LHR;JNB;744;10:45;17:50;6:35
LHR;KBP;320;3:20;8:5;13:25
LHR;KIX;777;12:15;15:35;12:50
LHR;KWI;777;6:0;22:5;7:5
LHR;LAD;777;8:50;18:35;4:25
LHR;LAX;744;11:5;12:0;15:5
LHR;LCA;767;4:40;8:20;15:0
LHR;LED;320;3:25;9:35;16:0
LHR;LIN;319;2:5;11:50;14:55
LHR;LIS;320;2:35;15:25;18:0
LHR;LOS;744;6:25;10:30;17:55
LHR;LUN;767;10:10;18:25;6:35
LHR;LYS;319;1:40;15:0;17:40
LHR;MAA;777;9:55;9:35;1:0
LHR;MAD;320;2:20;6:20;9:40
LHR;MAN;319;1:5;7:40;8:45
LHR;MCT;777;8:50;9:30;22:20
LHR;MEL;744;22:10;12:30;21:40
LHR;MEX;744;11:40;12:40;18:20
LHR;MIA;744;9:45;9:40;14:25
LHR;MRU;744;11:45;15:40;8:25
LHR;MUC;319;1:50;9:40;12:30
LHR;MXP;319;2:0;7:50;10:50
LHR;NAS;767;10:15;9:45;15:0
LHR;NBO;777;8:30;10:5;21:35
LHR;NCE;757;1:55;7:10;10:5
LHR;NCL;319;1:10;16:5;17:15
LHR;NRT;744;11:30;14:35;11:5
LHR;ORD;767;9:10;16:25;19:35
LHR;OSL;319;2:15;16:45;20:0
LHR;OTP;320;3:15;9:25;14:40
LHR;PEK;744;9:45;16:45;10:30
LHR;PHL;767;8:25;17:5;20:30
LHR;PHX;744;10:40;14:50;18:30
LHR;PLS;767;12:45;9:45;17:30
LHR;PRG;320;2:0;8:0;11:0
LHR;PVG;777;11:10;14:15;9:25
LHR;RDU;763;9:15;11:55;16:10
LHR;SEA;777;9:41;14:20;16:1
LHR;SFO;744;10:55;10:40;13:35
LHR;SIN;744;12:30;21:15;17:45
LHR;SOF;319;3:10;8:30;13:40
LHR;STR;319;1:40;7:55;10:35
LHR;SYD;744;21:50;11:15;20:5
LHR;TIP;320;3:35;9:25;15:0
LHR;TLV;767;5:0;22:30;5:30
LHR;TXL;319;1:45;8:45;11:30
LHR;VCE;320;2:5;9:50;12:55
LHR;VIE;319;2:20;6:45;10:5
LHR;WAW;320;2:20;8:20;11:40
LHR;YUL;777;7:20;15:35;17:55
LHR;YVR;744;9:35;17:5;18:40
LHR;YYC;767;9:25;14:55;17:20
LHR;YYZ;767;8:20;16:15;19:35
LHR;ZRH;319;1:45;11:25;14:10
LIH;LAX;757;5:15;22:25;5:40
LIL;MAD;CR2;2:15;12:45;15:0
LIM;AQP;319;1:25;4:0;5:25
LIM;BCN;346;14:30;20:55;17:25
LIM;CIX;319;1:25;4:0;5:25
LIM;CJA;319;1:20;8:10;9:30
LIM;CUZ;319;1:15;4:40;5:55
LIM;GRU;319;4:50;0:50;8:40
LIM;GYE;763;2:0;10:40;12:40
LIM;IQT;319;1:45;6:45;8:30
LIM;JFK;763;7:40;23:50;7:30
LIM;JUL;319;2:35;6:5;8:40
LIM;LAX;763;8:35;1:30;7:5
LIM;LPB;319;1:40;12:40;15:20
LIM;MAD;346;11:30;20:55;14:25
LIM;MDE;319;4:25;12:50;17:15
LIM;MEX;763;5:45;13:20;18:5
LIM;MIA;AB6;5:35;7:35;13:10
LIM;PCL;319;1:10;4:30;5:40
LIM;PEM;319;2:35;8:35;11:10
LIM;PIU;319;1:35;4:25;6:0
LIM;SCL;319;3:35;14:50;20:25
LIM;TBP;319;1:40;15:5;16:45
LIM;TCQ;319;1:45;4:50;6:35
LIM;TPP;319;1:20;4:10;5:30
LIM;TRU;319;1:10;9:15;10:25
LIM;UIO;319;2:15;0:40;2:55
LIM;VVI;319;3:45;12:40;17:25
LIN;LHR;319;2:5;15:50;16:55
LIN;MAD;321;2:10;8:0;10:10
LIR;DFW;738;4:10;15:15;19:25
LIR;MIA;738;2:40;13:55;17:35
LIS;HEL;319;4:40;8:45;15:25
LIS;LHR;320;2:45;18:50;21:35
LIS;MAD;320;1:10;7:0;9:10
LIS;VLC;CR2;1:30;8:5;10:35
LIS;ZAZ;CR2;1:35;11:35;14:10
LIT;DFW;CR7;1:10;5:40;6:50
LIT;ORD;CR7;1:45;10:25;12:10
LJU;BUD;EM2;1:10;9:45;10:55
LOS;LHR;744;6:30;23:30;5:0
LOS;MAD;319;5:5;22:50;3:55
LPA;AGP;CR2;2:15;18:0;21:15
LPA;ALC;CR2;2:40;10:45;14:25
LPA;CQM;CR2;2:35;12:0;15:35
LPA;DKR;321;2:20;20:15;22:35
LPA;GRX;CR2;2:25;11:30;14:55
LPA;MAD;319;2:35;13:25;17:0
LPA;SCQ;CR2;2:55;10:45;14:40
LPA;SDR;CR2;3:0;16:10;20:10
LPA;VLC;CR2;2:50;18:0;21:50
LPB;IQQ;32S;1:5;11:0;13:5
LPB;LIM;319;1:55;21:55;22:50
LPB;MIA;757;9:5;8:10;16:15
LPB;SCL;32S;4:25;11:0;16:25
LPB;VVI;319;1:5;16:20;17:25
LRD;DFW;ER4;1:15;15:30;16:45
LRE;BNE;DH3;2:15;10:15;12:30
LRM;MIA;738;2:35;15:45;17:20
LRM;SJU;AT7;1:11;15:39;16:50
LSC;ANF;318;1:30;15:5;16:35
LSC;CPO;318;0:50;17:40;18:30
LSC;SCL;318;1:0;11:5;12:5
LSE;ORD;ER4;1:5;11:5;12:10
LST;MEL;DH3;1:20;6:30;7:50
LUN;LHR;767;10:20;8:50;17:10
LUX;LGW;734;1:10;10:10;10:20
LVI;JNB;733;1:45;13:15;15:0
LYS;LCY;AR1;1:50;10:10;11:0
LYS;LHR;319;1:50;7:5;7:55
LYS;MAD;CR2;1:50;7:0;8:50
MAA;HKG;330;5:25;3:15;11:10
MAA;LHR;777;11:10;4:0;9:40
MAD;ACE;321;2:35;12:15;13:50
MAD;AGP;319;1:5;9:40;10:45
MAD;ALC;320;1:0;11:50;12:50
MAD;ALG;319;1:30;11:40;13:10
MAD;AMS;319;2:30;14:35;17:5
MAD;ARN;320;3:50;10:30;14:20
MAD;ATH;321;3:30;11:40;16:10
MAD;BCN;319;1:10;6:45;7:55
MAD;BIO;320;0:55;6:55;7:50
MAD;BJZ;CR2;0:55;16:20;17:15
MAD;BLQ;320;2:10;9:15;11:25
MAD;BOD;CR2;1:15;9:40;10:55
MAD;BOG;340;10:20;12:10;16:30
MAD;BOS;340;7:55;13:40;15:35
MAD;BRU;320;2:15;9:15;11:30
MAD;BUD;736;3:10;8:30;11:40
MAD;CAI;319;4:40;16:50;22:30
MAD;CCS;340;9:10;13:30;17:10
MAD;CFE;CR2;1:40;11:45;13:25
MAD;CMN;320;1:40;10:30;11:10
MAD;CPH;320;3:15;11:50;15:5
MAD;DKR;321;4:40;17:55;21:35
MAD;DME;319;4:50;10:25;17:15
MAD;DUB;320;2:25;16:0;17:25
MAD;DUS;320;2:30;8:50;11:20
MAD;EAS;319;0:55;7:25;8:20
MAD;EZE;346;12:15;0:5;9:20
MAD;FCO;319;2:20;7:10;9:30
MAD;FRA;319;2:40;8:55;11:35
MAD;FUE;320;2:40;12:10;13:50
MAD;GIG;342;10:35;12:5;19:40
MAD;GOA;CR9;2:5;19:35;21:40
MAD;GRU;340;10:50;0:5;7:55
MAD;GRX;319;1:0;16:10;17:10
MAD;GUA;340;11:30;12:5;16:35
MAD;GVA;319;1:50;12:50;14:40
MAD;GYE;340;13:35;12:0;19:35
MAD;HAV;340;10:0;17:0;21:0
MAD;HEL;320;4:35;10:0;15:35
MAD;IAD;340;8:45;16:10;18:55
MAD;IBZ;320;1:5;11:40;12:45
MAD;IST;319;3:55;17:55;22:50
MAD;JFK;340;8:30;13:40;16:10
MAD;JNB;340;10:5;0:30;11:35
MAD;KRK;CR9;3:5;10:0;13:5
MAD;LCG;319;1:10;18:5;19:15
MAD;LCY;AR8;2:40;7:40;9:20
MAD;LEI;CR2;1:5;8:30;9:35
MAD;LEN;CR2;0:55;13:5;14:0
MAD;LGW;319;2:15;18:15;19:30
MAD;LHR;320;2:20;13:15;14:35
MAD;LIL;CR2;2:10;9:50;12:0
MAD;LIM;346;12:5;12:45;18:50
MAD;LIN;321;2:0;20:15;22:15
MAD;LIS;320;1:10;7:35;7:45
MAD;LOS;319;5:0;16:50;21:50
MAD;LPA;319;2:45;10:55;12:40
MAD;LYS;CR2;1:40;9:45;11:25
MAD;MAH;319;1:20;11:35;12:55
MAD;MEX;340;12:15;0:40;5:55
MAD;MIA;340;9:45;12:5;15:50
MAD;MJV;CR2;1:5;9:25;10:30
MAD;MLN;AT7;1:45;7:10;8:55
MAD;MPL;CR2;1:35;11:0;12:35
MAD;MRS;CR2;1:35;16:0;17:35
MAD;MUC;320;2:25;8:50;11:15
MAD;MVD;340;12:20;0:50;10:10
MAD;MXP;320;2:10;7:0;9:10
MAD;NAP;CR9;2:35;9:35;12:10
MAD;NCE;CR2;1:50;11:20;13:10
MAD;NTE;CR2;1:30;9:40;11:10
MAD;OPO;CR9;1:5;8:10;8:15
MAD;ORD;340;9:30;11:50;14:20
MAD;ORY;320;1:50;9:5;10:55
MAD;OTP;320;3:40;10:20;15:0
MAD;OVD;319;1:0;12:0;13:0
MAD;PMI;319;1:15;20:15;21:30
MAD;PNA;320;0:55;16:10;17:5
MAD;PRG;319;2:35;10:30;13:5
MAD;PSA;CR2;2:10;9:50;12:0
MAD;PTY;340;15:5;12:5;21:10
MAD;RAK;320;1:55;12:20;13:15
MAD;RNS;CR2;1:45;9:55;11:40
MAD;SCL;343;13:45;23:55;9:40
MAD;SCQ;319;1:10;15:55;17:5
MAD;SDQ;340;8:50;12:45;16:35
MAD;SDR;AT7;1:15;10:20;11:35
MAD;SJO;340;11:10;12:5;16:15
MAD;SJU;340;8:35;13:0;16:35
MAD;SPC;320;2:55;11:0;12:55
MAD;SSG;319;5:50;8:55;14:45
MAD;SVQ;319;1:0;10:45;11:45
MAD;SXB;CR2;2:10;9:50;12:0
MAD;TFN;320;2:45;14:50;16:35
MAD;TFS;320;2:55;23:55;1:50
MAD;TLS;CR2;1:15;9:5;10:20
MAD;TLV;319;4:35;10:10;15:45
MAD;TNG;319;1:15;11:40;11:55
MAD;TRN;CR2;2:5;10:0;12:5
MAD;TXL;319;2:50;8:50;11:40
MAD;UIO;340;11:10;12:0;17:10
MAD;VCE;319;2:15;12:45;15:0
MAD;VGO;319;1:5;19:50;20:55
MAD;VIE;319;2:50;8:50;11:40
MAD;VIT;CR2;0:50;6:55;7:45
MAD;VLC;320;0:55;7:5;8:0
MAD;WAW;320;3:25;10:25;13:50
MAD;XRY;319;1:5;7:45;8:50
MAD;ZAZ;CR2;0:55;8:55;9:50
MAD;ZRH;319;2:10;16:20;18:30
MAF;DFW;AT7;1:30;18:30;20:0
MAH;BCN;CR2;0:45;14:25;15:10
MAH;IBZ;DH3;0:55;19:35;20:30
MAH;MAD;319;1:25;13:40;15:5
MAH;PMI;AT7;0:35;9:55;10:30
MAH;VLC;AT7;1:20;15:10;16:30
MAN;BLL;FRJ;1:40;9:0;11:40
MAN;HEL;319;2:45;10:30;15:15
MAN;LGW;734;1:0;10:0;11:0
MAN;LHR;319;1:5;9:55;11:0
MAN;ORD;763;8:40;10:30;13:10
MAR;MIA;757;3:0;7:55;10:25
MBJ;DFW;738;4:10;16:25;19:35
MBJ;JFK;757;4:0;17:5;21:5
MBJ;MIA;738;1:35;12:15;13:50
MBJ;SNA;738;8:35;16:25;22:0
MCI;ABQ;M80;4:35;6:0;9:35
MCI;AUS;M80;3:35;11:20;14:55
MCI;DFW;757;1:45;8:25;10:10
MCI;LAS;757;5:45;8:25;12:10
MCI;MSP;M83;3:45;9:50;13:35
MCI;ORD;CR7;1:35;15:40;17:15
MCI;YYZ;M83;3:59;18:0;22:59
MCO;DFW;757;2:55;7:5;9:0
MCO;HNL;757;12:50;13:25;21:15
MCO;IAH;M80;5:5;9:35;13:40
MCO;JFK;M80;2:35;11:55;14:30
MCO;LAS;757;7:0;10:25;14:25
MCO;LAX;757;5:30;13:25;15:55
MCO;LGA;M80;2:30;12:50;15:20
MCO;LGW;777;8:0;18:35;7:35
MCO;MCI;M80;5:25;17:45;22:10
MCO;MIA;757;1:0;7:20;8:20
MCO;MSP;M80;6:15;14:15;19:30
MCO;ORD;M80;2:55;20:5;22:0
MCO;PHX;M80;6:50;8:5;12:55
MCO;SDQ;757;4:10;8:35;13:45
MCO;SFO;757;8:30;13:30;19:0
MCO;SJU;757;4:40;16:0;21:40
MCO;STL;757;4:55;18:35;22:30
MCT;AUH;777;1:5;0:15;1:20
MCT;LHR;777;10:10;0:15;6:25
MDE;LIM;319;4:25;18:45;23:10
MDE;MIA;738;3:20;9:25;12:45
MDE;UIO;319;1:30;18:45;20:15
MDZ;AEP;320;1:34;7:50;10:24
MDZ;SCL;318;0:55;12:10;13:5
MEL;ADL;333;1:20;11:55;12:45
MEL;AKL;332;3:30;12:30;18:0
MEL;ASP;73H;2:55;8:55;10:20
MEL;BME;73H;4:35;8:55;11:30
MEL;BNE;734;2:10;7:50;9:0
MEL;CBR;734;1:5;7:20;8:25
MEL;CNS;73H;3:25;9:25;11:50
MEL;DPO;DH3;1:15;8:25;9:40
MEL;HBA;73H;1:15;8:35;9:50
MEL;HKG;330;9:10;1:20;7:30
MEL;LAX;332;17:20;12:30;10:50
MEL;LHR;744;23:20;17:5;5:25
MEL;LST;DH3;1:20;9:30;10:50
MEL;MQL;DH3;1:15;8:35;9:50
MEL;PER;332;4:5;8:35;10:40
MEL;PVG;332;10:25;11:25;18:50
MEL;SIN;333;9:35;11:55;18:30
MEL;SYD;734;1:25;11:15;12:40
MEL;WLG;733;3:35;9:10;14:45
MEM;ABQ;M80;4:30;16:35;20:5
MEM;DFW;M80;1:45;7:0;8:45
MEM;ICT;M80;3:50;7:0;10:50
MEM;MIA;ERD;2:25;13:5;16:30
MEM;ORD;CR7;1:45;12:15;14:0
MEM;SJC;M83;6:15;14:45;19:0
MEM;SLC;M80;5:35;18:45;23:20
MEX;BCN;340;13:20;21:5;17:25
MEX;DFW;M80;2:35;6:30;9:5
MEX;FAT;M80;7:25;15:40;21:5
MEX;LHR;744;10:20;20:40;13:0
MEX;LIM;763;5:45;23:20;6:5
MEX;MAD;340;10:20;12:30;5:50
MEX;MIA;738;3:0;11:5;15:5
MEX;NRT;744;17:15;8:50;17:5
MEX;ORD;757;4:0;8:15;12:15
MEX;SCL;763;8:15;3:0;14:15
MEX;YVR;744;5:30;8:50;12:20
MFE;DFW;M80;1:35;6:35;8:10
MFE;ELP;M80;4:25;6:35;10:0
MFE;IAD;M80;5:5;15:15;21:20
MFE;LAS;M80;5:25;6:35;10:0
MFE;PBI;M80;5:5;11:15;17:20
MGA;MIA;738;2:30;8:25;11:55
MHH;MIA;AT7;1:17;13:25;14:42
MIA;ANU;738;3:5;11:0;15:5
MIA;ATL;738;1:55;11:35;13:30
MIA;AUA;757;2:40;11:10;14:50
MIA;BCN;340;11:15;17:25;10:40
MIA;BDA;738;2:35;16:15;19:50
MIA;BDL;738;2:55;20:20;23:15
MIA;BGI;757;3:20;18:20;22:40
MIA;BNA;738;2:15;22:40;23:55
MIA;BOG;757;3:35;10:45;14:20
MIA;BOS;757;2:55;21:45;0:40
MIA;BWI;738;2:20;11:35;13:55
MIA;BZE;738;2:10;10:35;11:45
MIA;CCS;757;3:5;7:30;11:5
MIA;CDG;763;8:50;18:20;9:10
MIA;CLO;738;3:35;16:15;19:50
MIA;CLT;ER4;2:5;8:45;10:50
MIA;CMH;ERD;2:40;17:20;20:0
MIA;CNF;763;8:5;23:15;10:20
MIA;CUN;738;1:50;15:15;16:5
MIA;CUR;738;2:50;16:15;20:5
MIA;CVG;ERD;2:40;20:55;23:35
MIA;CZM;AT7;2:37;12:55;14:32
MIA;DCA;738;2:19;19:40;21:59
MIA;DEN;757;4:30;17:40;20:10
MIA;DFW;738;3:10;21:20;23:30
MIA;DTW;738;3:5;10:55;14:0
MIA;EGE;757;4:40;9:10;11:50
MIA;EWR;757;2:54;21:5;23:59
MIA;EYW;AT7;0:53;12:55;13:48
MIA;EZE;763;8:55;21:0;8:55
MIA;FPO;AT7;0:52;10:45;11:37
MIA;GCM;738;1:25;12:5;13:30
MIA;GGT;AT7;1:32;13:30;15:2
MIA;GIG;763;8:35;20:35;8:10
MIA;GND;738;3:20;17:20;21:40
MIA;GRU;763;8:20;12:5;23:25
MIA;GSO;ERD;2:0;20:25;22:25
MIA;GUA;738;2:45;12:15;14:0
MIA;GYE;763;7:10;6:5;13:15
MIA;HNL;757;13:25;15:20;23:45
MIA;IAD;738;2:25;20:20;22:45
MIA;IAH;738;2:50;22:0;23:50
MIA;IND;ER4;2:55;11:35;14:30
MIA;JAX;AT7;1:44;20:35;22:19
MIA;JFK;757;2:50;8:0;10:50
MIA;KIN;738;1:40;10:5;11:45
MIA;LAS;757;5:25;20:20;22:45
MIA;LAX;738;5:55;20:30;23:25
MIA;LGA;738;2:55;7:45;10:40
MIA;LHR;744;8:15;17:5;6:20
MIA;LIM;AB6;5:35;16:30;22:5
MIA;LIR;738;2:50;11:0;12:50
MIA;LPB;757;6:40;23:5;6:45
MIA;LRM;738;2:10;11:30;14:40
MIA;MAD;340;8:15;17:25;7:40
MIA;MAR;757;2:45;16:40;19:55
MIA;MBJ;738;1:30;9:40;11:10
MIA;MCO;757;0:55;8:35;9:30
MIA;MDE;738;3:15;11:20;14:35
MIA;MEM;ERD;2:35;11:5;12:40
MIA;MEX;738;3:30;7:35;10:5
MIA;MGA;738;2:35;18:50;20:25
MIA;MHH;AT7;1:9;11:50;12:59
MIA;MSP;738;3:45;21:10;23:55
MIA;MSY;738;2:0;10:5;11:5
MIA;MVD;763;9:10;23:10;11:20
MIA;NAS;AT7;1:9;21:15;22:24
MIA;ORD;757;3:10;21:20;23:30
MIA;ORF;ER4;2:25;18:55;21:20
MIA;PAP;757;2:0;6:50;8:50
MIA;PHL;738;2:35;7:15;9:50
MIA;PHX;738;5:15;17:10;20:25
MIA;PIT;ER4;2:55;12:0;14:55
MIA;PLS;738;1:35;15:30;17:5
MIA;POP;738;1:55;13:45;16:40
MIA;POS;757;3:30;18:0;22:30
MIA;PTY;757;2:45;12:20;15:5
MIA;PUJ;763;2:25;7:0;10:25
MIA;RDU;738;2:0;9:50;11:50
MIA;REC;763;10:55;21:10;10:5
MIA;RIC;ER4;2:30;18:55;21:25
MIA;RNO;757;8:40;6:35;12:15
MIA;RSW;AT7;0:55;17:25;18:20
MIA;SAL;757;2:45;11:20;13:5
MIA;SAP;738;2:20;13:30;14:50
MIA;SAV;AT7;2:1;20:0;22:1
MIA;SCL;763;8:25;20:20;6:45
MIA;SDF;ERD;2:40;11:5;13:45
MIA;SDQ;757;2:5;10:40;13:45
MIA;SFO;757;6:20;15:40;19:0
MIA;SJO;AB6;2:50;12:20;14:10
MIA;SJU;757;2:25;6:55;10:20
MIA;SKB;738;2:55;11:5;15:0
MIA;SNA;738;7:40;6:50;11:30
MIA;SRQ;AT7;1:9;20:55;22:4
MIA;SSA;763;8:10;21:10;7:20
MIA;STI;738;1:55;11:30;14:25
MIA;STL;757;2:50;15:10;17:0
MIA;STT;757;2:30;12:5;15:35
MIA;STX;738;2:30;12:55;16:25
MIA;SXM;738;2:50;11:20;15:10
MIA;TGU;757;2:20;10:40;12:0
MIA;TLH;ERD;1:25;7:15;8:40
MIA;TPA;738;0:55;15:5;16:0
MIA;UIO;757;4:5;15:35;19:40
MIA;UVF;738;3:15;10:30;14:45
MIA;VVI;757;6:45;15:30;23:15
MIA;YUL;738;3:20;12:40;16:0
MIA;YYZ;738;3:9;20:5;23:14
MJV;BCN;CR2;1:5;7:35;8:40
MJV;MAD;CR2;1:5;7:50;8:55
MKE;DFW;ER4;2:45;11:0;13:45
MKE;MQT;ER4;1:0;19:55;21:55
MKE;ORD;ER4;0:50;10:25;11:15
MKE;STL;ERD;1:20;9:40;11:0
MKY;BNE;100;1:35;6:45;8:20
MKY;CNS;DH3;2:15;12:55;15:10
MKY;GLT;DH3;1:35;9:20;10:55
MKY;ROK;DH3;0:50;9:20;10:10
MKY;TSV;DH3;1:0;12:55;13:55
MLA;LGW;734;3:10;17:0;19:10
MLI;DFW;ER4;2:15;6:35;8:50
MLI;ORD;ER4;0:50;6:0;6:50
MLN;AGP;AT7;0:50;8:35;9:25
MLN;GRX;DH3;0:45;10:15;11:0
MLN;LEI;DH3;0:40;10:20;11:0
MLN;MAD;AT7;1:45;9:25;11:10
MLN;PMI;DH3;2:5;12:50;14:55
MLN;SVQ;DH3;1:10;12:55;14:5
MLN;VLC;DH3;1:30;16:55;18:25
MLU;DFW;ER4;1:15;14:15;15:30
MMB;CTS;M81;0:45;9:15;10:0
MMB;HND;AB6;1:55;10:20;12:15
MMB;KIX;M90;2:35;12:55;15:30
MMD;KTD;DH1;0:15;15:50;16:5
MMD;OKA;DH1;1:20;11:45;13:5
MMY;HND;734;2:25;13:15;15:40
MMY;ISG;734;0:35;10:55;11:30
MMY;KIX;734;2:0;17:25;19:25
MMY;OKA;734;0:45;8:50;9:35
MMY;TRA;DH1;0:25;9:55;10:20
MNL;BNE;763;7:20;18:35;3:55
MNL;HKG;320;2:5;10:50;12:55
MNL;NRT;744;4:0;9:10;14:10
MNL;SYD;763;7:55;19:35;6:30
MOB;DFW;ER4;1:55;6:0;7:55
MPL;MAD;CR2;1:35;13:5;14:40
MPN;PUQ;32S;1:45;15:10;16:55
MPN;RGL;32S;1:25;14:15;15:40
MPN;SCL;32S;6:5;15:10;21:15
MQL;MEL;DH3;1:20;6:35;7:55
MQT;GRB;ER4;0:45;6:45;6:30
MQT;MKE;ER4;1:0;7:30;7:30
MQT;ORD;ER4;1:30;9:15;9:45
MRS;BCN;CR2;1:5;18:35;19:40
MRS;LGW;734;1:55;10:25;11:20
MRS;MAD;CR2;1:40;7:25;9:5
MRU;JNB;733;4:30;16:30;18:0
MRU;LHR;744;12:0;10:40;17:40
MRY;LAX;ERD;1:5;12:10;13:15
MRZ;SYD;DH8;1:25;9:20;10:45
MSJ;HND;M90;1:20;9:55;11:15
MSJ;ITM;M90;1:45;14:30;16:15
MSN;DFW;ER4;2:35;11:45;14:20
MSN;LGA;ER3;2:15;13:0;16:15
MSN;ORD;ER4;0:55;6:0;6:55
MSN;STL;ER4;1:10;7:0;8:10
MSP;ATL;M80;5:35;13:5;19:40
MSP;DFW;738;2:40;15:30;18:10
MSP;EWR;M80;4:25;6:0;11:25
MSP;LAX;738;6:55;15:30;20:25
MSP;LGA;M83;4:35;14:25;20:0
MSP;MCO;M80;5:0;8:0;14:0
MSP;MIA;738;3:40;6:0;10:40
MSP;ORD;M80;1:25;6:0;7:25
MSP;PHL;M83;4:30;15:55;21:25
MSP;SFO;M83;7:45;7:5;12:50
MSP;STL;ER4;1:35;13:5;14:40
MSY;DAY;M80;4:50;16:30;22:20
MSY;DFW;738;1:40;8:20;10:0
MSY;LAX;738;6:0;19:5;23:5
MSY;MBJ;738;4:10;6:0;11:10
MSY;MIA;738;1:45;6:0;8:45
MSY;ORD;CR7;2:20;7:55;10:15
MSY;RDU;738;4:40;17:40;23:20
MSY;STL;ER4;1:50;14:20;16:10
MSY;YYZ;738;5:25;8:20;14:45
MTJ;DFW;CR7;1:55;12:50;15:45
MTJ;ORD;M80;2:45;14:15;18:0
MTY;DFW;M80;1:40;6:40;8:20
MTY;OMA;M80;4:40;12:50;17:30
MUC;HEL;319;2:30;18:40;22:10
MUC;LHR;319;2:5;13:15;14:20
MUC;MAD;320;2:40;7:50;10:30
MVD;BCN;340;14:10;17:30;10:40
MVD;EZE;763;0:45;19:40;20:25
MVD;MAD;340;11:30;17:30;8:0
MVD;MIA;763;8:55;23:5;5:0
MVD;SCL;320;2:35;11:30;13:5
MXP;BUD;F70;1:35;10:0;11:35
MXP;HEL;319;3:5;11:25;15:30
MXP;JFK;763;9:25;10:15;13:40
MXP;LHR;319;2:5;12:0;13:5
MXP;MAD;320;2:5;10:0;12:5
MXP;NRT;744;11:55;21:10;17:5
MYJ;FUK;M81;0:50;10:25;11:15
MYJ;HND;73H;1:15;13:35;14:50
MYJ;NKM;CRJ;1:0;11:30;12:30
MYJ;OKA;734;1:55;12:30;14:25
NAA;MRZ;DH8;0:25;8:35;9:0
NAP;LGW;319;2:50;12:0;13:50
NAP;MAD;CR9;2:40;12:50;15:30
NAS;DFW;738;3:45;16:10;18:55
NAS;GCM;767;1:35;16:0;17:35
NAS;LHR;767;8:30;21:50;11:20
NAS;MIA;AT7;1:8;6:30;7:38
NAS;PLS;767;1:25;16:5;17:30
NBO;LHR;777;8:50;23:30;5:20
NCE;BCN;CR2;1:10;10:50;12:0
NCE;LCY;AR1;2:5;10:45;11:50
NCE;LHR;757;2:5;16:20;17:25
NCE;MAD;CR2;1:55;7:40;9:35
NCL;LHR;319;1:10;17:50;19:0
NEV;SJU;AT7;1:16;6:35;7:51
NGB;HKG;320;2:20;14:10;16:30
NGO;AOJ;M90;1:20;8:0;9:20
NGO;BKK;777;6:35;14:35;19:10
NGO;CAN;767;4:45;9:50;13:35
NGO;CDG;777;12:40;10:0;14:40
NGO;CTS;767;1:40;9:0;10:40
NGO;FUK;M90;1:30;17:30;19:0
NGO;HEL;340;10:20;11:50;15:10
NGO;HKG;330;4:35;10:0;13:35
NGO;HNA;M90;1:10;7:50;9:0
NGO;HNL;747;6:40;22:5;9:45
NGO;ICN;767;2:15;9:10;11:25
NGO;KMJ;734;1:25;8:40;10:5
NGO;KOJ;734;1:30;11:45;13:15
NGO;NRT;734;1:5;14:5;15:10
NGO;OKA;734;2:25;11:45;14:10
NGO;PVG;767;2:50;9:0;10:50
NGO;SDJ;734;1:5;8:15;9:20
NGO;TPE;330;3:30;16:50;19:20
NGO;TSN;767;3:15;10:50;13:5
NGS;HND;AB6;1:30;8:10;9:40
NGS;ITM;M81;1:5;9:55;11:0
NGS;NKM;CRJ;1:15;9:30;10:45
NKG;HKG;320;2:35;8:30;11:5
NKM;AXT;CRJ;1:10;11:55;13:5
NKM;FUK;CRJ;1:25;8:0;9:25
NKM;GAJ;CRJ;1:5;10:15;11:20
NKM;KCZ;CRJ;1:0;7:15;8:15
NKM;KIJ;CRJ;0:50;7:35;8:25
NKM;KMJ;CRJ;1:25;11:10;12:35
NKM;MYJ;CRJ;1:0;10:5;11:5
NKM;NGS;CRJ;1:30;7:30;9:0
NKM;OBO;CRJ;1:40;12:55;14:35
NOU;BNE;73H;2:25;18:30;19:55
NOU;SYD;73H;3:10;12:40;15:50
NQN;AEP;320;1:35;8:15;10:50
NRT;AMS;777;12:15;12:0;16:15
NRT;BKK;744;7:5;10:55;16:0
NRT;BNE;744;8:40;21:30;7:10
NRT;BOS;777;15:15;19:5;20:20
NRT;CAN;73H;5:30;18:10;22:40
NRT;CDG;773;12:45;11:0;15:45
NRT;CGK;777;8:0;11:20;17:20
NRT;CTS;767;1:40;18:40;20:20
NRT;DEL;744;10:20;11:0;17:50
NRT;DFW;777;11:10;13:0;9:10
NRT;DLC;767;3:20;9:30;11:50
NRT;DME;777;10:25;11:0;15:25
NRT;DPS;744;7:30;15:55;22:25
NRT;FCO;744;12:40;13:50;18:30
NRT;FRA;773;12:15;13:30;17:45
NRT;FUK;734;2:0;13:40;15:40
NRT;GUM;747;3:35;9:55;14:30
NRT;HAN;767;6:15;18:10;22:25
NRT;HEL;340;10:20;12:0;15:20
NRT;HGH;73H;3:45;9:20;12:5
NRT;HKG;330;5:20;15:25;19:45
NRT;HNL;744;6:30;18:45;6:15
NRT;ICN;744;2:45;10:0;12:45
NRT;ITM;773;1:25;18:30;19:55
NRT;JFK;744;12:35;18:40;17:15
NRT;KHH;767;4:15;18:0;21:15
NRT;KOA;747;6:40;21:0;8:40
NRT;KUL;767;7:40;11:30;18:10
NRT;LAX;744;9:40;17:20;10:0
NRT;LHR;744;12:10;11:15;14:25
NRT;MEX;744;15:20;17:20;17:40
NRT;MNL;744;4:55;9:35;13:30
NRT;MXP;744;12:30;13:50;18:20
NRT;NGO;734;1:10;16:0;17:10
NRT;ORD;744;11:20;12:0;8:20
NRT;PEK;767;4:10;9:35;12:45
NRT;PER;763;10:25;20:35;7:0
NRT;PUS;73H;2:20;17:0;19:20
NRT;PVG;73H;3:35;11:10;13:45
NRT;SFO;773;9:5;18:10;10:15
NRT;SGN;767;6:40;17:50;22:30
NRT;SIN;744;7:40;10:55;17:35
NRT;SYD;333;9:55;20:0;7:55
NRT;TAO;767;3:30;9:30;12:0
NRT;TPE;744;4:0;10:0;13:0
NRT;XMN;767;4:35;9:30;13:5
NRT;YVR;744;8:30;17:20;8:50
NTE;BCN;CR2;1:30;11:50;13:20
NTE;MAD;CR2;1:35;7:35;9:10
NTL;BNE;DH3;1:35;7:25;8:0
OBO;HND;AB6;1:40;10:15;11:55
OBO;NKM;CRJ;1:50;15:0;16:50
ODS;BUD;F70;1:40;16:10;16:50
OGG;DFW;763;7:0;18:5;5:5
OGG;LAX;757;5:0;22:55;5:55
OGG;SJU;757;12:50;15:0;9:50
OGN;ISG;734;0:30;11:35;12:5
OGN;OKA;DH1;1:20;18:0;19:20
OIT;HND;767;1:20;8:35;9:55
OKA;AGJ;BNT;0:25;8:30;8:55
OKA;ASJ;DH1;1:0;11:10;12:10
OKA;FKS;734;2:20;15:15;17:35
OKA;FUK;734;1:35;7:50;9:25
OKA;HND;734;2:10;10:35;12:45
OKA;ISG;734;1:5;7:10;8:15
OKA;ITM;767;1:45;16:10;17:55
OKA;KCZ;734;1:35;10:15;11:50
OKA;KIX;734;1:45;8:0;9:45
OKA;KKJ;734;1:40;19:45;21:25
OKA;KMQ;734;2:10;14:55;17:5
OKA;KTD;DH1;1:5;14:20;15:25
OKA;MMD;DH1;1:5;10:15;11:20
OKA;MMY;734;0:50;7:25;8:15
OKA;MYJ;734;1:35;10:15;11:50
OKA;NGO;734;1:55;14:50;16:45
OKA;OGN;DH1;1:40;13:45;15:25
OKA;OKJ;734;1:45;16:35;18:20
OKA;RNJ;DH1;0:40;13:55;14:35
OKA;UEO;734;0:35;7:45;8:20
OKA;UKB;734;1:50;8:50;10:40
OKC;DFW;M80;1:0;13:45;14:45
OKC;DTW;M80;4:25;11:0;16:25
OKC;LAX;M80;5:20;8:10;11:30
OKC;MFE;M80;3:25;13:45;17:10
OKC;MSP;M80;4:20;6:0;10:20
OKC;ORD;ER4;2:5;6:0;8:5
OKC;PBI;M80;4:30;7:5;12:35
OKC;PDX;M83;6:0;18:45;22:45
OKC;STL;ERD;1:25;7:5;8:30
OKC;TPA;M80;4:5;16:20;21:25
OKJ;HND;734;1:10;19:15;20:25
OKJ;OKA;734;2:10;9:35;11:45
OLP;ADL;F50;1:30;8:0;9:30
OMA;DFW;M80;2:0;11:20;13:20
OMA;JAX;M80;5:5;11:20;17:25
OMA;MFE;M80;4:30;6:0;10:30
OMA;ORD;ER4;1:30;8:45;10:15
OMA;RDU;M80;5:30;15:35;22:5
ONT;DFW;M80;2:50;11:25;16:15
ONT;SAT;M80;4:50;8:0;14:50
OPO;MAD;CR9;1:10;8:45;10:55
ORD;ABQ;CR7;3:5;10:30;12:35
ORD;ACA;M83;4:45;10:25;15:10
ORD;ATL;CR7;2:0;16:30;19:30
ORD;AUS;M80;2:50;8:15;11:5
ORD;AZO;ER4;0:45;11:25;13:10
ORD;BCN;340;10:55;16:45;10:40
ORD;BDL;ERD;2:5;9:55;13:0
ORD;BMI;ER4;0:50;15:15;16:5
ORD;BNA;CR7;1:25;11:15;12:40
ORD;BOS;757;2:15;13:45;17:0
ORD;BRU;763;7:55;16:35;7:30
ORD;BUF;ER4;1:30;7:45;10:15
ORD;BWI;ER4;1:55;8:0;10:55
ORD;CDG;763;8:5;17:30;8:35
ORD;CHA;ER4;1:40;10:30;13:10
ORD;CID;ER4;1:0;7:40;8:40
ORD;CLT;ER4;1:55;13:20;16:15
ORD;CMH;CR7;1:10;8:15;10:25
ORD;CMI;ER4;0:50;11:10;12:0
ORD;CUN;757;3:45;8:25;12:10
ORD;CVG;ER4;1:15;7:30;9:45
ORD;CWA;ER4;1:0;9:15;10:15
ORD;DAL;ER4;2:30;8:0;10:30
ORD;DBQ;ER4;0:50;21:50;22:40
ORD;DCA;CR7;1:40;11:50;14:30
ORD;DEL;777;14:40;19:35;21:45
ORD;DEN;M80;2:35;7:25;9:0
ORD;DFW;777;2:35;18:30;21:5
ORD;DME;763;9:45;17:35;12:20
ORD;DSM;CR7;1:15;15:50;17:5
ORD;DTW;CR7;1:19;21:40;23:59
ORD;DUB;763;7:10;19:20;8:30
ORD;EGE;757;2:50;8:35;10:25
ORD;ELP;M80;3:25;19:5;21:30
ORD;EVV;ER4;1:10;7:25;8:35
ORD;EWR;M80;1:55;6:35;9:30
ORD;FLL;M80;3:0;7:5;11:5
ORD;FNT;ER4;1:0;9:20;11:20
ORD;FRA;763;8:35;19:30;11:5
ORD;FWA;ER4;0:55;13:0;14:55
ORD;GRB;ER4;0:55;15:35;16:30
ORD;GRR;ER4;0:50;8:55;10:45
ORD;GUC;757;2:55;8:55;10:50
ORD;HDN;757;2:50;12:40;14:30
ORD;HNL;763;9:20;9:5;14:25
ORD;HPN;ERD;2:5;6:25;9:30
ORD;HSV;ERD;1:40;12:15;13:55
ORD;IAH;M80;2:45;12:5;14:50
ORD;ICT;ER4;2:0;8:0;10:0
ORD;IND;CR7;1:5;18:0;20:5
ORD;JAC;757;3:0;11:25;13:25
ORD;JAX;ER4;2:30;8:50;12:20
ORD;JFK;M80;2:15;13:20;16:35
ORD;LAS;M83;4:5;7:10;9:15
ORD;LAX;757;4:30;19:5;21:35
ORD;LGA;757;1:55;6:0;8:55
ORD;LHR;767;7:50;21:45;11:35
ORD;LIT;CR7;1:45;13:20;15:5
ORD;LSE;ER4;1:10;9:30;10:40
ORD;MAD;340;7:55;16:45;7:40
ORD;MAN;763;7:30;17:35;7:5
ORD;MCI;CR7;1:30;13:40;15:10
ORD;MCO;M80;2:35;7:0;10:35
ORD;MEM;CR7;1:45;10:0;11:45
ORD;MEX;757;4:20;16:25;20:45
ORD;MIA;757;2:54;20:5;23:59
ORD;MKE;ER4;0:45;9:0;9:45
ORD;MLI;ER4;0:50;14:0;14:50
ORD;MQT;ER4;1:20;17:50;20:10
ORD;MSN;ER4;0:45;21:40;22:25
ORD;MSP;M80;1:20;22:0;23:20
ORD;MSY;CR7;2:25;19:50;22:15
ORD;MTJ;M80;2:55;11:25;13:20
ORD;NRT;744;13:10;10:55;15:5
ORD;OKC;ER4;2:10;14:55;17:5
ORD;OMA;ER4;1:30;6:45;8:15
ORD;PBI;M80;2:55;17:45;21:40
ORD;PHL;CR7;1:50;21:15;0:5
ORD;PHX;M80;3:50;13:30;16:20
ORD;PIA;ER4;0:50;16:35;17:25
ORD;PIT;ER4;1:25;9:40;12:5
ORD;PSP;M83;4:10;7:25;9:35
ORD;PVG;777;14:30;10:35;15:5
ORD;PVR;M83;4:40;8:0;12:40
ORD;RDU;CR7;1:50;11:0;13:50
ORD;RIC;ER4;1:55;9:20;12:15
ORD;RNO;757;4:15;10:0;12:15
ORD;ROC;ER4;1:40;9:40;12:20
ORD;RST;ER4;1:10;12:10;13:20
ORD;RSW;M80;2:50;6:35;10:25
ORD;SAN;M83;4:25;8:10;10:35
ORD;SAT;M80;3:0;10:25;13:25
ORD;SDF;ER4;1:15;13:25;15:40
ORD;SEA;M83;4:30;18:40;21:10
ORD;SFO;763;4:45;18:45;21:30
ORD;SGF;ER4;1:35;15:25;17:0
ORD;SJC;M83;4:45;8:55;11:40
ORD;SJD;M83;4:55;8:25;12:20
ORD;SJU;757;4:35;8:30;15:5
ORD;SLC;M80;3:30;19:40;22:10
ORD;SNA;757;4:20;8:25;10:45
ORD;SPI;ERD;0:55;13:0;13:55
ORD;STL;M80;1:10;8:20;9:30
ORD;SYR;ER4;1:45;14:50;17:35
ORD;TOL;ER4;0:55;10:40;12:35
ORD;TPA;M80;2:40;10:35;14:15
ORD;TUL;ER4;2:0;7:55;9:55
ORD;TUS;M80;4:0;9:25;12:25
ORD;TVC;ER4;1:5;15:20;17:25
ORD;TYS;ER4;1:30;12:0;14:30
ORD;XNA;CR7;1:45;11:35;13:20
ORD;YOW;ER4;2:0;9:0;12:0
ORD;YUL;CR7;2:0;15:10;18:10
ORD;YYZ;ER4;1:35;13:10;15:45
ORF;BUR;M80;8:20;7:10;12:30
ORF;DFW;M80;3:45;7:10;9:55
ORF;MIA;ER4;2:30;7:55;10:25
ORF;STL;ER4;2:25;7:30;8:55
ORY;BCN;319;1:30;12:45;14:15
ORY;IBZ;CR2;2:0;11:30;13:30
ORY;MAD;320;1:50;6:50;8:40
ORY;PMI;CR2;1:55;11:30;13:25
ORY;RGS;CR2;1:40;11:30;13:10
ORY;VLL;CR2;1:55;11:30;13:25
ORY;ZAZ;CR2;1:45;13:25;15:10
OSL;AAL;D38;1:0;8:45;9:45
OSL;AAR;D38;1:10;9:0;10:10
OSL;HEL;319;1:20;8:45;11:5
OSL;LHR;319;2:25;20:45;22:10
OSL;SRP;D38;0:50;8:30;9:20
OTP;BUD;736;1:15;16:10;16:25
OTP;HEL;E70;2:40;13:0;15:40
OTP;LHR;320;3:30;8:20;9:50
OTP;MAD;320;3:50;15:50;18:40
OUL;HEL;319;1:0;6:25;7:25
OVD;AGP;CR2;1:40;11:20;13:0
OVD;ALC;CR2;1:25;11:30;12:55
OVD;BCN;CR2;1:20;11:40;13:0
OVD;BRU;CR2;1:55;11:20;13:15
OVD;MAD;319;1:0;13:45;14:45
OVD;SVQ;CR2;1:30;15:30;17:0
OVD;VLC;CR2;1:15;17:55;19:10
PAP;FLL;757;2:0;11:35;13:35
PAP;JFK;763;4:10;15:15;19:25
PAP;MIA;757;2:10;10:0;12:10
PBI;DFW;M80;3:10;18:5;20:15
PBI;LAX;M80;7:45;13:20;18:5
PBI;LGA;M80;2:54;16:6;19:0
PBI;ORD;M80;3:20;6:55;9:15
PBI;SAT;M80;5:20;8:25;12:45
PBO;PER;717;1:40;7:50;9:30
PCL;LIM;319;1:5;6:10;7:15
PDX;DFW;M83;3:35;15:5;20:40
PDX;DTW;M83;7:0;12:45;22:45
PDX;MEM;M83;6:0;6:0;14:0
PDX;STL;M83;6:5;9:25;17:30
PEK;HEL;340;8:35;11:40;14:15
PEK;HKG;321;3:40;21:0;0:40
PEK;KIX;767;2:50;14:0;17:50
PEK;LHR;744;10:50;12:15;15:5
PEK;NRT;767;3:20;8:25;12:45
PEK;SYD;332;11:55;22:0;12:55
PEM;CUZ;319;0:55;11:40;12:35
PEM;LIM;319;2:45;11:40;14:25
PEN;HKG;330;3:40;8:5;11:45
PER;ADL;73H;2:50;6:20;10:40
PER;ASP;717;2:40;13:25;16:35
PER;AYQ;717;2:15;10:55;13:40
PER;BME;717;2:30;7:0;9:30
PER;BNE;73H;4:25;7:35;13:0
PER;CBR;734;3:55;16:10;22:5
PER;CNS;73H;4:20;23:30;4:50
PER;DRW;717;5:15;13:25;19:10
PER;HKG;333;7:40;1:5;7:45
PER;KGI;717;1:5;6:15;7:20
PER;KTA;100;2:10;13:30;15:40
PER;MEL;332;3:30;11:40;17:10
PER;NRT;763;9:50;23:5;8:55
PER;PBO;717;1:40;5:30;7:10
PER;PHE;100;2:5;7:20;9:25
PER;SIN;333;5:20;13:15;17:35
PER;SYD;332;4:10;0:15;6:25
PER;ZNE;717;1:40;5:40;7:20
PFO;LGW;734;4:45;16:25;19:10
PHE;PER;100;2:10;10:5;12:15
PHL;ABQ;M80;6:50;17:45;22:35
PHL;CCS;738;6:30;7:30;14:30
PHL;DFW;M80;4:5;17:45;20:50
PHL;LHR;767;7:5;22:0;10:5
PHL;MIA;738;2:50;6:0;8:50
PHL;ORD;CR7;2:20;6:0;7:20
PHL;PHX;M83;7:40;6:10;11:50
PHL;SEA;M83;9:25;11:50;18:15
PHL;SJU;738;3:50;7:30;12:20
PHL;STL;ERD;2:40;6:30;8:10
PHX;BDA;738;8:10;8:40;19:50
PHX;BHM;M80;4:45;11:0;16:45
PHX;DCA;M80;6:0;11:10;19:10
PHX;DFW;738;2:15;9:50;13:5
PHX;EWR;M80;6:20;6:40;15:0
PHX;IAH;M83;4:25;15:25;20:50
PHX;LHR;744;9:45;21:0;13:45
PHX;MIA;738;4:0;8:40;14:40
PHX;OKC;M80;4:5;7:55;13:0
PHX;OMA;M80;4:50;17:25;23:15
PHX;ORD;M80;3:20;6:40;11:0
PHX;RSW;M80;5:40;13:40;21:20
PIA;DFW;ER4;2:10;14:55;17:5
PIA;ORD;ER4;0:45;6:0;6:45
PIT;DFW;CR7;3:10;11:50;14:0
PIT;JFK;ER4;1:40;12:50;14:30
PIT;LGA;ER3;1:25;9:0;10:25
PIT;MIA;ER4;2:50;15:20;18:10
PIT;ORD;ER4;1:40;6:0;6:40
PIU;LIM;319;1:30;6:30;8:0
PLS;BOS;757;3:40;15:35;19:15
PLS;JFK;757;3:24;12:5;15:29
PLS;LHR;767;11:0;19:20;11:20
PLS;MIA;738;1:45;8:0;9:45
PLS;NAS;767;1:25;19:20;20:45
PLZ;JNB;733;1:40;6:15;7:55
PMC;BBA;318;1:5;10:40;11:45
PMC;PUQ;318;2:10;8:10;10:20
PMC;SCL;318;1:40;0:10;1:50
PMC;ZCO;318;0:50;15:55;16:45
PMI;IBZ;AT7;0:35;8:45;9:20
PMI;LGW;319;2:25;14:45;16:10
PMI;MAD;319;1:15;6:30;7:45
PMI;MAH;AT7;0:35;8:45;9:20
PMI;MLN;DH3;2:10;15:25;17:35
PMI;ORY;CR2;2:0;15:35;17:35
PMI;SDR;CR2;1:30;11:35;13:5
PMI;VLC;AT7;0:55;10:45;11:40
PMI;VLL;CR2;1:30;12:40;14:10
PNA;BCN;CR2;0:55;11:0;11:55
PNA;MAD;320;0:50;6:50;7:40
PNH;HKG;320;2:35;11:30;15:5
PNS;DFW;ER4;2:0;14:15;16:15
POP;MIA;738;2:20;17:45;19:5
POP;SJU;AT7;1:36;16:8;17:44
POS;LGW;777;10:20;18:55;9:15
POS;MIA;757;4:0;8:0;11:0
POS;SJU;AT7;2:48;8:56;11:44
POS;UVF;777;1:0;18:55;19:55
PQQ;SYD;DH3;1:10;6:30;7:40
PRG;BUD;736;1:5;10:10;11:15
PRG;HEL;319;2:10;11:25;14:35
PRG;LHR;320;2:10;18:20;19:30
PRG;MAD;319;2:50;13:55;16:45
PRN;BUD;736;1:40;15:15;16:55
PRN;LGW;319;3:30;15:0;17:30
PSA;LGW;319;2:15;16:30;17:45
PSA;MAD;CR2;2:15;12:45;15:0
PSP;DFW;M80;2:45;6:55;11:40
PSP;ORD;M83;3:45;10:30;16:15
PSP;PVR;M80;6:45;11:45;20:30
PTP;SJU;AT7;1:42;8:53;10:35
PTY;BCN;340;12:45;22:40;17:25
PTY;DFW;738;4:45;9:40;13:25
PTY;MAD;340;9:45;22:40;14:25
PTY;MIA;757;2:55;16:15;19:10
PUJ;EZE;763;7:45;11:55;21:40
PUJ;JFK;AB6;4:20;17:35;20:55
PUJ;MIA;763;2:40;16:50;18:30
PUJ;SCL;763;7:35;1:0;9:35
PUJ;SJU;AT7;1:2;15:18;16:20
PUQ;MPN;32S;1:35;11:40;13:15
PUQ;PMC;318;2:5;11:0;13:5
PUQ;RGL;32S;0:45;11:45;12:30
PUQ;SCL;318;3:20;13:15;16:35
PUQ;USH;319;1:0;13:15;14:15
PUS;HKG;320;3:45;19:35;22:20
PUS;KIX;767;1:20;11:55;13:15
PUS;NRT;73H;1:50;8:5;9:55
PVG;HEL;340;10:20;10:25;14:45
PVG;HKG;321;2:35;7:50;10:25
PVG;KIX;767;2:0;8:50;11:50
PVG;LHR;777;12:55;10:55;15:50
PVG;MEL;332;10:30;20:35;10:5
PVG;NGO;767;2:10;17:50;21:0
PVG;NRT;73H;2:40;15:45;19:25
PVG;ORD;777;13:10;18:0;17:10
PVG;SYD;332;10:50;20:20;10:10
PVR;DFW;M80;2:30;8:30;11:0
PVR;ORD;M83;4:0;16:10;20:10
RAK;MAD;320;1:50;14:5;16:55
RDU;BDL;ERD;1:35;9:30;11:5
RDU;BOS;ER3;1:45;19:55;21:40
RDU;CMH;ERD;1:25;17:10;18:35
RDU;COS;M80;6:0;11:35;15:35
RDU;DCA;ER3;1:0;12:30;13:30
RDU;DFW;M80;3:15;11:35;13:50
RDU;JFK;ERD;1:30;11:40;13:10
RDU;LAX;M80;7:45;9:35;14:20
RDU;LGA;ER3;1:35;7:30;9:5
RDU;LHR;763;7:30;18:20;6:50
RDU;MIA;738;2:5;12:40;14:45
RDU;MSY;738;5:5;19:45;23:50
RDU;ORD;CR7;2:25;14:20;15:45
RDU;SGF;ERD;3:45;18:0;20:45
RDU;STL;ERD;2:15;6:15;7:30
RDU;TPA;738;4:5;6:0;10:5
REC;MIA;763;7:55;11:35;17:30
RGL;AEP;320;2:58;1:55;5:53
RGL;MPN;32S;1:20;13:0;14:20
RGL;PUQ;32S;0:40;16:10;16:50
RGL;SCL;32S;5:0;16:10;21:10
RGS;BCN;CR2;1:10;14:0;15:10
RGS;ORY;CR2;1:45;8:55;10:40
RIC;ACA;M80;7:30;7:5;13:35
RIC;DFW;M80;3:30;13:35;16:5
RIC;MIA;ER4;2:30;8:15;10:45
RIC;ORD;ER4;2:20;12:40;14:0
RIC;SAN;M80;7:35;13:35;18:10
RIC;SAT;M83;5:35;18:5;22:40
RIC;STL;ER4;2:15;6:25;7:40
RIX;HEL;E70;0:55;11:5;12:0
RMA;BCI;DH3;1:15;8:15;9:30
RMA;BNE;DH3;1:5;10:15;11:20
RMA;CTL;DH3;0:45;8:15;9:0
RMQ;HKG;320;1:40;14:0;15:40
RNJ;OKA;DH1;0:40;15:0;15:40
RNO;DFW;757;3:10;14:50;20:0
RNO;ORD;757;4:0;13:15;19:15
RNS;MAD;CR2;1:45;12:55;14:40
ROC;ORD;ER4;2:5;12:45;13:50
ROK;BNE;DH3;1:25;11:30;12:55
ROK;GLT;DH3;0:25;10:30;10:55
ROK;MKY;DH3;0:50;16:0;16:50
ROK;TSV;DH3;2:10;16:0;18:10
ROT;CHC;733;1:15;12:5;13:20
ROW;DFW;ER4;1:25;7:25;9:50
RST;ORD;ER4;1:15;7:15;8:30
RSW;DFW;M80;3:5;7:0;9:5
RSW;LAX;M80;7:35;14:5;18:40
RSW;MIA;AT7;0:50;18:45;19:35
RSW;ORD;M80;3:10;11:15;13:25
RSW;STL;M80;2:40;12:45;14:25
RUH;HKG;777;7:50;0:25;13:15
RVN;HEL;319;1:15;9:20;10:35
SAL;LAX;757;5:20;10:10;13:30
SAL;MIA;757;2:30;14:15;17:45
SAN;DFW;757;2:50;10:55;15:45
SAN;JFK;763;5:5;8:15;16:20
SAN;LAX;ERD;0:40;10:0;10:40
SAN;MCO;757;6:10;10:55;20:5
SAN;MEM;M80;5:10;8:40;15:50
SAN;ORD;M83;4:0;6:45;12:45
SAN;RDU;M83;6:35;6:45;16:20
SAN;RIC;M80;6:30;12:20;21:50
SAN;SAT;M80;4:55;9:45;16:40
SAN;SJC;ERD;1:20;19:25;20:45
SAN;STL;M83;3:30;13:15;18:45
SAP;MIA;738;2:15;7:45;11:0
SAT;ATL;M80;4:10;13:30;18:40
SAT;BHM;M80;3:35;17:25;21:0
SAT;CLT;M80;4:20;9:25;14:45
SAT;DFW;M80;1:5;6:0;7:5
SAT;ELP;M80;3:40;10:35;13:15
SAT;LGA;M80;5:45;7:15;14:0
SAT;OKC;M80;2:50;12:45;15:35
SAT;ORD;M80;2:45;7:15;10:0
SAT;SAN;M80;5:20;8:15;11:35
SAT;SEA;M83;6:20;6:15;10:35
SAT;SLC;M80;4:55;7:30;11:25
SAT;SMF;M83;5:50;8:35;12:25
SAT;STL;ERD;2:5;17:5;19:10
SAV;DFW;ER4;3:0;7:15;9:15
SAV;MIA;AT7;2:9;8:6;10:15
SBA;DFW;CR7;2:55;11:35;16:30
SBA;LAX;ERD;0:40;6:50;7:30
SCL;ANF;318;2:0;6:0;8:0
SCL;ARI;318;2:50;6:0;8:50
SCL;BBA;318;2:20;7:30;9:50
SCL;BCN;346;15:45;14:5;9:50
SCL;BOG;763;5:55;9:35;13:30
SCL;CCP;318;1:5;6:35;7:40
SCL;CCS;763;6:45;9:35;14:50
SCL;CJC;318;2:10;6:0;8:10
SCL;COR;318;1:30;9:10;11:40
SCL;CPO;318;1:27;7:15;8:42
SCL;CUN;763;8:10;9:35;14:45
SCL;DFW;763;9:55;23:5;6:0
SCL;EZE;318;2:0;21:10;0:10
SCL;FLN;32S;3:15;12:45;17:0
SCL;FRA;343;17:35;20:20;17:55
SCL;GIG;32S;5:40;8:30;15:10
SCL;GRU;320;3:50;21:0;1:50
SCL;GYE;320;5:15;16:5;19:20
SCL;HAV;763;8:15;8:45;15:0
SCL;IPC;763;5:40;9:10;12:50
SCL;IQQ;318;2:25;7:0;9:25
SCL;JFK;763;10:50;22:45;7:35
SCL;LAX;763;11:45;23:55;6:40
SCL;LIM;319;4:0;21:15;23:15
SCL;LPB;32S;4:10;6:0;9:10
SCL;LSC;318;1:5;9:30;10:35
SCL;MAD;343;13:5;20:20;13:25
SCL;MDZ;318;0:55;10:35;11:30
SCL;MEX;763;8:50;13:50;19:40
SCL;MIA;763;8:25;21:35;4:0
SCL;MPN;32S;5:50;7:25;13:15
SCL;MVD;320;2:15;7:30;10:45
SCL;PMC;318;1:40;6:0;7:40
SCL;PUJ;763;8:10;9:35;16:45
SCL;PUQ;318;3:25;7:15;10:40
SCL;RGL;32S;5:5;7:25;12:30
SCL;SLA;319;4:30;7:0;11:30
SCL;UIO;320;6:50;16:5;20:55
SCL;USH;319;3:45;8:45;12:30
SCL;VVI;319;4:45;6:0;9:45
SCL;YYZ;763;15:0;22:45;11:45
SCL;ZCO;318;1:25;8:30;9:55
SCL;ZOS;318;1:45;15:35;17:20
SCQ;BIO;CR2;1:0;8:50;9:50
SCQ;LPA;CR2;2:55;9:20;11:15
SCQ;MAD;319;1:5;17:45;18:50
SCQ;SVQ;CR2;1:20;8:30;9:50
SCQ;VLC;CR2;1:25;9:0;10:25
SDF;COS;M80;5:15;7:0;10:15
SDF;DFW;M80;2:30;7:0;8:30
SDF;MEX;M80;6:5;18:35;23:40
SDF;MIA;ERD;2:35;13:15;15:50
SDF;ORD;ER4;1:25;11:5;11:30
SDF;PHX;M80;5:55;12:45;16:40
SDJ;CTS;M81;1:10;11:50;13:0
SDJ;FUK;734;2:5;10:25;12:30
SDJ;ITM;734;1:25;19:5;20:30
SDJ;NGO;734;1:15;9:55;11:10
SDQ;BCN;340;11:45;20:25;13:10
SDQ;BOS;757;4:5;18:0;21:5
SDQ;JFK;763;4:5;15:55;19:0
SDQ;MAD;340;8:10;20:10;9:20
SDQ;MIA;757;2:20;7:15;8:35
SDQ;PHL;738;6:35;16:25;22:0
SDQ;SJU;738;1:10;16:25;17:35
SDR;AGP;CR2;1:30;10:20;11:50
SDR;ALC;CR2;1:20;14:20;15:40
SDR;BCN;CR2;1:5;7:45;8:50
SDR;LPA;CR2;3:5;9:25;11:30
SDR;MAD;AT7;1:15;12:5;13:20
SDR;PMI;CR2;1:20;18:40;20:0
SDR;SVQ;CR2;1:20;14:35;15:55
SDR;VLC;CR2;1:15;10:20;11:35
SEA;BOS;M83;6:55;14:45;0:40
SEA;DCA;738;7:15;13:20;23:35
SEA;DFW;738;3:30;23:55;5:25
SEA;EWR;M83;7:4;11:55;21:59
SEA;JFK;757;5:0;7:50;15:50
SEA;LGA;M83;7:0;6:15;16:15
SEA;LHR;777;9:15;21:0;14:15
SEA;OMA;M83;6:25;9:0;17:25
SEA;ORD;M83;3:55;8:40;14:35
SEA;STL;757;3:35;12:45;18:20
SFO;BOS;757;5:20;23:35;7:55
SFO;DFW;757;3:15;16:40;21:55
SFO;FLL;M83;8:20;11:15;22:35
SFO;HKG;744;14:45;0:10;6:55
SFO;HNL;757;5:30;9:10;12:40
SFO;JFK;762;5:12;15:25;23:37
SFO;LAX;M80;1:25;9:30;10:55
SFO;LHR;744;10:10;16:15;10:25
SFO;MIA;757;5:5;6:0;14:5
SFO;NRT;773;11:10;12:15;16:25
SFO;ORD;763;4:15;9:40;15:55
SFO;SNA;ERD;1:25;7:5;8:30
SFO;STL;757;3:40;13:5;18:45
SGF;DFW;CR7;1:25;15:20;16:45
SGF;ORD;ER4;1:35;17:25;19:0
SGF;RDU;ERD;3:15;7:0;11:15
SGF;STL;ERD;1:0;7:0;8:0
SGN;HKG;330;2:40;11:40;15:20
SGN;NRT;767;5:25;23:55;7:20
SHA;HND;777;2:35;13:5;16:40
SHE;HKG;320;5:30;16:40;22:10
SHM;HND;M81;1:5;11:0;12:5
SHV;DFW;AT7;1:10;12:50;14:0
SIN;ADL;333;6:55;22:15;7:40
SIN;BKK;773;2:15;13:55;15:10
SIN;BNE;333;7:45;21:5;6:50
SIN;CMB;773;3:40;21:25;22:35
SIN;FRA;744;13:10;23:5;5:15
SIN;HKG;330;3:45;9:10;12:55
SIN;KIX;767;6:5;22:55;6:0
SIN;KUL;767;1:5;20:10;21:15
SIN;LHR;744;13:55;22:55;4:50
SIN;MEL;744;7:15;20:15;6:30
SIN;NRT;744;6:40;23:20;7:0
SIN;PER;333;5:10;9:0;15:10
SIN;SYD;333;10:10;22:15;11:25
SJC;AUS;M83;3:15;8:55;14:10
SJC;DFW;M83;3:20;9:50;15:10
SJC;LAX;ERD;1:15;8:10;9:25
SJC;OKC;M83;5:5;10:55;18:0
SJC;ORD;M83;4:20;7:20;13:40
SJC;SAN;ERD;1:20;20:35;21:55
SJC;SAT;M83;5:30;8:5;15:35
SJC;SNA;ERD;1:15;20:25;21:40
SJD;CLT;M80;6:10;12:20;20:30
SJD;DFW;M80;2:35;16:40;20:15
SJD;LAX;M80;2:35;18:40;20:15
SJD;ORD;M83;4:15;13:10;18:25
SJJ;BUD;DH4;1:10;15:5;16:15
SJO;BCN;340;16:15;17:55;17:10
SJO;DFW;757;4:15;10:5;14:20
SJO;FLL;738;2:50;17:20;21:10
SJO;JFK;AB6;7:35;15:20;23:55
SJO;MAD;340;10:15;17:55;11:10
SJO;MIA;AB6;2:50;12:40;16:30
SJT;DFW;AT7;1:13;11:37;12:50
SJU;ANU;AT7;1:29;20:35;22:4
SJU;AXA;AT7;1:5;20:40;21:45
SJU;BCN;340;10:30;19:10;10:40
SJU;BDL;757;3:55;19:5;22:0
SJU;BGI;AT7;2:26;19:30;21:56
SJU;BON;AT7;2:4;20:15;22:19
SJU;BOS;757;4:0;17:45;20:45
SJU;BWI;738;3:50;19:0;21:50
SJU;CCS;738;1:35;13:25;14:30
SJU;CUN;757;5:45;7:20;11:5
SJU;DFW;757;5:20;12:45;16:5
SJU;DOM;AT7;2:0;12:35;14:35
SJU;EIS;AT7;0:45;11:30;12:15
SJU;FDF;AT7;1:58;20:20;22:18
SJU;GND;AT7;2:20;19:0;21:20
SJU;JFK;AB6;4:5;8:25;11:30
SJU;LAX;757;7:45;11:25;15:10
SJU;LIH;757;15:30;11:25;20:55
SJU;LRM;AT7;1:7;16:20;17:27
SJU;MAD;340;7:50;19:10;8:0
SJU;MCO;757;4:40;11:25;15:5
SJU;MIA;757;2:40;7:20;9:0
SJU;NEV;AT7;1:19;12:35;13:54
SJU;ORD;757;5:20;16:10;19:30
SJU;PHL;738;3:55;19:5;22:0
SJU;POP;AT7;1:35;14:0;15:35
SJU;POS;AT7;2:46;19:55;22:41
SJU;PTP;AT7;1:33;20:30;22:3
SJU;PUJ;AT7;0:58;12:35;13:33
SJU;SDQ;738;1:5;14:15;15:20
SJU;SKB;AT7;1:20;12:35;13:55
SJU;SLU;AT7;2:3;20:15;22:18
SJU;STI;AT7;1:29;17:55;19:24
SJU;STT;AT7;0:33;21:40;22:13
SJU;STX;AT7;0:38;23:0;23:38
SJU;SXM;AT7;1:7;9:0;10:7
SJU;TPA;757;3:0;20:15;22:15
SKB;ANU;777;0:40;18:15;18:55
SKB;JFK;757;4:39;17:50;21:29
SKB;LGW;777;9:35;18:15;7:50
SKB;MIA;738;3:25;16:5;18:30
SKB;SJU;AT7;1:18;14:23;15:41
SKG;BUD;F70;1:35;16:5;16:40
SKG;LGW;319;3:35;14:55;16:30
SKP;BUD;DH4;1:30;5:0;6:30
SLA;AEP;320;1:58;11:10;14:8
SLA;IQQ;319;1:20;12:30;13:50
SLA;SCL;319;4:25;12:30;16:55
SLC;BNA;M80;5:10;12:10;18:20
SLC;DFW;M80;2:35;12:10;15:45
SLC;MCI;M80;5:5;8:20;14:25
SLC;MSY;M80;5:5;16:55;23:0
SLC;ORD;M80;3:15;13:30;17:45
SLC;TPA;M80;5:45;6:10;13:55
SLM;BCN;CR2;1:20;18:10;19:30
SLP;DFW;ERD;2:10;6:50;9:0
SLU;SJU;AT7;2:0;7:6;9:6
SMF;AUS;M83;5:15;8:30;15:45
SMF;DFW;M83;3:20;13:10;18:30
SNA;BDL;738;7:0;14:55;0:55
SNA;BOS;757;7:15;6:45;17:0
SNA;DFW;738;2:45;11:5;15:50
SNA;MSY;738;5:10;11:5;18:15
SNA;ORD;757;3:55;11:45;17:40
SNA;SFO;ERD;1:25;8:20;9:45
SNA;SJC;ERD;1:20;9:0;10:20
SNA;YYZ;738;7:45;6:45;17:30
SOF;BUD;73G;1:20;16:10;16:30
SOF;LHR;319;3:25;14:30;15:55
SPC;MAD;320;2:35;13:40;17:15
SPC;SVQ;CR2;2:20;14:55;18:15
SPI;ORD;ERD;1:0;6:30;7:30
SPS;DFW;AT7;0:51;11:4;11:55
SRP;OSL;D38;0:45;7:10;7:55
SRQ;MIA;AT7;1:7;7:51;8:58
SSA;MIA;763;10:40;8:50;17:30
SSG;MAD;319;5:50;0:50;6:40
STI;JFK;AB6;3:55;13:10;16:5
STI;MIA;738;2:15;9:35;10:50
STI;SJU;AT7;1:30;19:56;21:26
STL;ATL;ER4;1:50;6:0;8:50
STL;AUA;757;6:30;15:10;23:40
STL;AUS;ERD;2:10;14:25;16:35
STL;BDL;ERD;2:25;7:55;11:20
STL;BNA;ERD;1:10;8:25;9:35
STL;BOS;M80;2:35;14:0;17:35
STL;CID;ER4;1:5;8:40;9:45
STL;CLT;ER4;1:40;15:10;17:50
STL;DAY;ERD;1:20;11:40;14:0
STL;DCA;M80;1:44;20:15;22:59
STL;DEN;M80;4:55;12:25;16:20
STL;DFW;757;2:0;7:30;9:30
STL;DSM;ERD;1:10;7:50;9:0
STL;EWR;ERD;2:25;7:10;10:35
STL;FLL;757;5:35;16:45;23:20
STL;IAD;ER4;1:55;16:40;19:35
STL;ICT;ERD;1:30;13:30;15:0
STL;IND;ER4;1:10;13:0;15:10
STL;JAX;ERD;2:10;8:30;11:40
STL;JFK;ERD;3:45;8:25;13:10
STL;LAS;M83;3:50;7:0;8:50
STL;LAX;757;4:0;19:40;21:40
STL;LGA;M80;2:15;19:25;22:40
STL;MCO;M80;2:20;8:0;11:20
STL;MIA;757;2:40;6:5;9:45
STL;MKE;ERD;1:15;8:0;9:15
STL;MSN;ER4;1:15;15:35;16:50
STL;MSP;ER4;1:40;15:55;17:35
STL;MSY;ER4;1:50;12:5;13:55
STL;OKC;ERD;1:35;18:50;20:25
STL;ORD;M80;1:10;12:40;13:50
STL;ORF;ER4;2:15;18:30;21:45
STL;PHL;ERD;2:15;13:20;16:35
STL;PHX;M80;6:15;7:45;13:0
STL;RDU;ERD;1:50;8:25;11:15
STL;RIC;ER4;1:55;19:15;22:10
STL;RSW;M80;2:30;8:10;11:40
STL;SAN;M83;4:0;10:30;12:30
STL;SAT;ERD;2:25;14:15;16:40
STL;SEA;757;4:25;9:25;11:50
STL;SFO;757;4:20;9:50;12:10
STL;SGF;ERD;0:55;19:50;20:45
STL;TPA;M80;2:15;7:40;10:55
STL;TUL;ERD;1:25;9:5;10:30
STL;TUS;M80;5:20;15:10;19:30
STL;XNA;ER4;1:10;9:25;10:35
STL;YVR;757;7:30;7:30;13:0
STR;BUD;S20;1:35;9:45;11:20
STR;HEL;ER4;2:40;12:0;15:40
STR;LHR;319;1:55;11:15;12:10
STT;BOS;757;4:10;15:0;18:10
STT;JFK;757;4:5;13:30;16:35
STT;MIA;757;2:55;8:45;10:40
STT;SJU;AT7;0:40;11:0;11:40
STX;MIA;738;3:0;17:25;19:25
STX;SJU;AT7;0:42;6:50;7:32
SUB;HKG;330;4:35;10:55;16:30
SVO;HEL;320;1:50;12:50;13:40
SVQ;ACE;CR2;2:0;10:20;11:20
SVQ;ALC;CR2;1:0;7:30;8:30
SVQ;BIO;CR2;1:20;9:5;10:25
SVQ;FUE;CR2;2:5;7:0;8:5
SVQ;MAD;319;1:0;12:30;13:30
SVQ;MLN;DH3;1:10;13:45;14:55
SVQ;OVD;CR2;1:30;15:30;17:0
SVQ;SCQ;CR2;1:20;7:0;8:20
SVQ;SDR;CR2;1:20;12:35;13:55
SVQ;SPC;CR2;2:25;13:0;14:25
SVQ;TLS;CR2;1:45;7:30;9:15
SVQ;VLC;CR2;1:0;8:40;9:40
SVQ;VLL;CR2;1:15;16:5;17:20
SVQ;ZAZ;CR2;1:15;8:15;9:30
SVX;BUD;736;4:20;5:55;6:15
SVX;HEL;319;3:15;6:40;6:55
SXB;MAD;CR2;2:20;12:50;15:10
SXM;JFK;757;4:35;16:55;20:30
SXM;MIA;738;3:20;9:15;11:35
SXM;SJU;AT7;1:8;10:33;11:41
SYD;ABX;DH3;1:20;8:0;9:20
SYD;ADL;333;2:5;11:10;12:45
SYD;AKL;343;3:10;10:45;15:55
SYD;ARM;DH3;1:10;8:45;9:55
SYD;ASP;73H;3:15;9:55;11:40
SYD;AYQ;73H;3:25;8:15;10:10
SYD;BKK;744;9:5;18:5;23:10
SYD;BNE;734;1:30;10:35;11:5
SYD;BOM;332;12:40;10:50;18:0
SYD;CBR;734;0:55;7:20;8:15
SYD;CFS;DH3;1:15;8:30;9:45
SYD;CGK;333;7:20;15:15;18:35
SYD;CHC;763;2:55;9:15;14:10
SYD;CNS;332;3:0;8:40;10:40
SYD;DBO;DH3;1:5;7:0;8:5
SYD;DRW;73H;4:30;10:45;13:45
SYD;EZE;744;13:10;10:50;11:0
SYD;FRA;744;22:15;17:0;5:15
SYD;HBA;734;1:50;12:30;14:20
SYD;HKG;330;9:10;11:50;18:0
SYD;HNL;763;9:55;19:55;8:50
SYD;JFK;744;20:50;12:0;16:50
SYD;JNB;744;14:0;10:30;15:30
SYD;LAX;388;13:45;15:5;9:50
SYD;LDH;DH8;1:50;7:0;8:50
SYD;LHR;744;23:20;18:5;6:25
SYD;MEL;734;1:30;8:45;10:15
SYD;MNL;763;7:55;12:20;17:15
SYD;MRZ;DH8;2:0;7:0;9:0
SYD;NAA;DH8;1:20;7:0;8:20
SYD;NOU;73H;2:55;8:50;11:45
SYD;NRT;333;10:5;22:5;6:10
SYD;PEK;332;11:40;11:50;20:30
SYD;PER;332;4:55;8:10;11:5
SYD;PQQ;DH3;1:0;8:20;9:20
SYD;PVG;332;10:20;11:30;18:50
SYD;SCL;343;16:10;10:45;12:55
SYD;SFO;744;13:30;15:35;10:5
SYD;SIN;333;10:20;11:10;18:30
SYD;TMW;DH3;1:5;8:15;9:20
SYD;WGA;DH3;1:10;8:0;9:10
SYD;WLG;734;3:10;9:0;14:10
SYD;ZQN;73H;2:55;8:0;12:55
SYR;ORD;ER4;2:25;7:30;8:55
SYX;HKG;320;1:30;13:15;14:45
SZG;LGW;733;2:5;11:55;13:0
TAB;ANU;777;1:25;19:5;20:30
TAB;LGW;777;10:20;19:5;9:25
TAK;HND;767;1:10;19:15;20:25
TAM;DFW;ERD;2:15;7:40;9:55
TAO;HKG;330;3:20;14:50;18:10
TAO;NRT;767;2:50;13:10;17:0
TBP;LIM;319;1:40;17:15;18:55
TCQ;CUZ;319;1:10;11:20;12:30
TCQ;LIM;319;1:45;7:5;8:50
TFN;AGP;CR2;2:20;9:10;12:30
TFN;ALC;CR2;2:40;15:40;19:20
TFN;GRX;CR2;2:20;11:20;14:40
TFN;MAD;320;2:35;7:15;10:50
TFN;VLC;CR2;3:0;14:40;18:40
TFS;MAD;320;2:35;2:50;6:25
TGD;BUD;EM2;1:30;14:50;16:20
TGM;BUD;DH4;1:10;15:50;16:0
TGU;MIA;757;2:20;13:10;16:30
TIA;BUD;DH4;1:40;15:5;16:45
TIA;LGW;319;3:10;15:5;17:15
TIP;LHR;320;3:55;16:0;17:55
TKN;KOJ;M81;0:50;12:35;13:25
TKS;HND;AB6;1:10;7:10;8:20
TKU;HEL;AT7;0:35;6:20;6:55
TLH;MIA;ERD;1:25;9:5;10:30
TLL;HEL;AT7;0:35;6:15;6:50
TLS;LGW;734;1:50;11:20;12:10
TLS;MAD;CR2;1:20;10:50;12:10
TLS;SVQ;CR2;1:50;10:0;11:50
TLV;BUD;738;3:25;14:30;16:55
TLV;LHR;767;5:40;7:30;11:10
TLV;MAD;319;5:15;16:55;21:10
TMP;HEL;AT5;0:35;14:40;15:15
TMW;SYD;DH3;1:5;9:40;10:45
TNG;AGP;DH3;0:40;11:20;13:0
TNG;BCN;CR2;1:40;11:10;13:50
TNG;MAD;319;1:10;12:45;14:55
TOL;ORD;ER4;1:5;6:0;6:5
TPA;DCA;738;4:20;13:5;17:25
TPA;DFW;738;5:20;6:0;10:20
TPA;ELP;M80;5:30;14:40;18:10
TPA;JFK;M80;2:39;11:50;14:29
TPA;LGW;777;8:15;18:40;7:55
TPA;MGA;738;4:35;16:50;20:25
TPA;MIA;738;1:0;6:0;7:0
TPA;MTY;M80;5:35;7:20;11:55
TPA;ORD;M80;2:55;8:30;10:25
TPA;PHX;M80;6:35;13:5;17:40
TPA;SJU;757;2:40;7:55;11:35
TPA;STL;M80;2:25;18:20;19:45
TPA;STX;738;4:30;10:55;16:25
TPA;YYZ;M80;5:15;8:30;13:45
TPE;FUK;330;2:5;17:50;20:55
TPE;HKG;330;1:45;6:15;8:0
TPE;ICN;330;2:30;17:10;20:40
TPE;KIX;330;2:25;15:50;19:15
TPE;NGO;330;2:30;12:0;15:30
TPE;NRT;744;2:55;10:0;13:55
TPP;LIM;319;1:15;6:0;7:15
TRA;MMY;DH1;0:20;10:50;11:10
TRC;DFW;ERD;1:50;7:5;8:55
TRN;BCN;CR2;1:25;11:5;12:30
TRN;LGW;319;1:50;11:50;12:40
TRN;MAD;CR2;2:5;8:0;10:5
TRU;LIM;319;1:5;10:55;12:0
TSN;NGO;767;2:45;14:15;18:0
TSR;BUD;EM2;0:55;16:25;16:20
TSV;BNE;734;1:45;9:25;11:10
TSV;CNS;DH3;0:55;6:30;7:25
TSV;MKY;DH3;1:0;8:0;9:0
TSV;ROK;DH3;2:10;8:0;10:10
TUL;ATL;738;4:15;8:30;13:45
TUL;DCA;M80;4:45;6:0;11:45
TUL;DFW;738;1:15;8:30;9:45
TUL;ELP;M80;3:55;17:30;20:25
TUL;MSP;M80;4:5;6:35;10:40
TUL;ORD;ER4;1:50;10:20;12:10
TUL;RIC;M80;4:45;7:5;12:50
TUL;SAN;757;5:25;9:25;12:50
TUL;STL;ERD;1:10;16:0;17:10
TUN;LGW;319;3:0;15:0;17:0
TUS;AUS;M80;3:55;12:5;17:0
TUS;BNA;M80;4:55;8:10;14:5
TUS;DFW;M80;2:5;5:50;8:55
TUS;MSY;M80;4:25;9:15;14:40
TUS;ORD;M80;3:30;13:15;17:45
TUS;RSW;M80;5:30;5:50;13:20
TUS;SAT;M80;4:10;15:35;20:45
TUS;SJD;M80;6:10;14:25;20:35
TVC;ORD;ER4;1:15;17:50;18:5
TXK;DFW;ER4;0:55;6:45;7:40
TXL;BUD;73G;1:25;9:45;11:10
TXL;HEL;319;1:50;11:55;14:45
TXL;LHR;319;1:55;16:25;17:20
TXL;MAD;319;3:0;7:35;10:35
TYR;DFW;ER4;0:45;11:25;12:10
TYS;DFW;ER4;2:35;11:30;13:5
TYS;ORD;ER4;1:45;10:15;11:0
UAQ;AEP;320;1:34;23:35;2:9
UBJ;HND;73H;1:25;9:55;11:20
UEO;OKA;734;0:35;8:55;9:30
UIO;LIM;319;2:15;9:10;11:25
UIO;MAD;340;13:0;18:45;13:45
UIO;MDE;319;1:30;15:45;17:15
UIO;MIA;757;3:55;10:20;14:15
UIO;SCL;320;6:25;21:45;6:10
UKB;CTS;734;1:45;11:40;13:25
UKB;HND;767;1:10;7:10;8:20
UKB;ISG;734;2:45;11:20;14:5
UKB;KOJ;734;1:10;8:0;9:10
UKB;OKA;734;2:10;19:35;21:45
USH;AEP;320;3:28;10:55;15:23
USH;FTE;320;1:15;9:20;10:35
USH;PUQ;319;1:0;15:15;16:15
USH;SCL;319;3:45;13:30;17:15
UVF;BDL;738;8:25;15:50;23:15
UVF;JFK;757;5:10;17:40;21:50
UVF;LGW;777;8:10;21:5;9:15
UVF;MIA;738;3:55;15:50;18:45
UVF;POS;777;1:0;16:20;17:20
VAA;HEL;319;0:45;7:50;8:35
VAR;BUD;DH4;1:55;4:45;5:40
VAR;LGW;734;3:45;15:25;17:10
VCE;BUD;S20;1:25;10:15;11:40
VCE;LGW;319;2:10;11:45;12:55
VCE;LHR;319;2:10;13:50;15:0
VCE;MAD;319;2:25;15:50;18:15
VFA;JNB;733;1:40;13:45;15:25
VGO;BIO;CR2;1:0;8:55;9:55
VGO;MAD;319;1:5;21:35;22:40
VGO;VLC;CR2;1:25;8:55;10:20
VGO;ZAZ;CR2;1:30;13:15;14:45
VIE;HEL;319;2:25;10:55;14:20
VIE;LHR;319;2:35;11:40;13:15
VIE;MAD;319;2:55;12:20;15:15
VIT;BCN;CR2;1:5;8:20;9:25
VIT;MAD;CR2;1:0;21:45;22:45
VLC;AGP;AT7;1:25;20:50;22:15
VLC;BCN;CR2;0:50;7:10;8:0
VLC;BIO;CR2;1:10;6:50;8:0
VLC;BLQ;CR2;2:0;9:20;11:20
VLC;CMN;CR2;1:50;10:45;11:35
VLC;IBZ;AT7;0:45;17:10;17:55
VLC;LIS;CR2;1:30;7:0;7:30
VLC;LPA;CR2;3:0;8:0;10:0
VLC;MAD;320;0:50;6:35;7:25
VLC;MAH;AT7;1:10;13:25;14:35
VLC;MLN;DH3;1:30;12:15;13:45
VLC;OVD;CR2;1:20;9:10;10:30
VLC;PMI;AT7;0:55;7:15;8:10
VLC;SCQ;CR2;1:25;7:0;8:25
VLC;SDR;CR2;1:15;7:40;8:55
VLC;SVQ;CR2;1:5;7:0;8:5
VLC;TFN;CR2;3:0;8:0;10:0
VLC;VGO;CR2;1:25;7:0;8:25
VLL;AGP;CR2;1:15;14:20;15:35
VLL;BCN;CR2;1:10;7:25;8:35
VLL;ORY;CR2;1:45;8:55;10:40
VLL;PMI;CR2;1:30;14:40;16:10
VLL;SVQ;CR2;1:15;17:50;19:5
VNO;HEL;E70;1:10;11:30;12:40
VPS;DFW;ER4;2:15;10:55;13:10
VRN;LGW;734;2:0;14:50;15:50
VVI;IQQ;319;1:45;10:35;13:20
VVI;LIM;319;4:10;19:40;22:50
VVI;LPB;319;1:10;19:40;20:50
VVI;MIA;757;6:35;0:50;6:25
VVI;SCL;319;4:50;10:35;16:25
WAW;BUD;F70;1:10;9:25;10:35
WAW;HEL;E70;1:40;13:5;15:45
WAW;LCY;AR1;2:35;17:10;18:45
WAW;LHR;320;2:40;12:30;14:10
WAW;MAD;320;3:35;14:40;18:15
WDH;JNB;733;1:55;15:0;16:55
WEI;CNS;DH3;1:40;8:0;9:40
WGA;SYD;DH3;1:10;6:30;7:40
WLG;AKL;733;1:0;7:0;8:0
WLG;BNE;733;3:50;15:45;16:35
WLG;MEL;733;4:5;6:5;8:10
WLG;SYD;734;3:40;6:0;7:40
WUH;HKG;320;1:55;11:0;12:55
XIY;HKG;320;2:50;19:45;22:35
XMN;HKG;320;1:35;15:35;17:10
XMN;NRT;767;3:30;14:15;18:45
XNA;BOS;M80;5:35;17:40;0:15
XNA;DFW;CR7;1:10;5:45;6:55
XNA;LAX;CR7;3:35;13:55;15:30
XNA;LGA;ER3;3:0;6:30;10:30
XNA;ORD;CR7;1:45;7:45;9:30
XNA;RNO;M83;5:50;6:55;10:45
XNA;STL;ER4;1:0;11:0;12:0
XRY;MAD;319;1:0;9:35;10:35
YHZ;JFK;ER3;2:25;6:10;7:35
YOW;ORD;ER4;2:25;12:35;14:0
YUL;DFW;738;4:30;7:35;11:5
YUL;DTW;342;1:45;10:0;11:45
YUL;JFK;ER3;1:50;17:0;18:50
YUL;LGA;ER3;1:35;8:50;10:25
YUL;LHR;777;6:25;19:45;7:10
YUL;MIA;738;3:45;12:35;16:20
YUL;ORD;CR7;2:40;11:15;12:55
YUL;SXM;738;7:40;12:35;21:15
YVR;DFW;757;3:55;8:45;14:40
YVR;HKG;343;14:20;0:30;6:50
YVR;JFK;773;5:15;21:45;6:0
YVR;LHR;744;9:15;20:45;14:0
YVR;MEX;744;5:10;10:30;17:40
YVR;MIA;757;7:35;8:45;19:20
YVR;NRT;744;10:0;11:55;14:55
YYC;DFW;M80;3:45;7:5;11:50
YYC;LHR;767;9:5;20:15;12:20
YYC;SAT;M80;5:50;7:5;13:55
YYZ;BOS;ER3;1:30;9:30;11:0
YYZ;DFW;738;3:35;15:40;18:15
YYZ;HKG;773;15:45;0:15;5:0
YYZ;JFK;763;1:55;15:50;17:45
YYZ;LAX;738;5:30;18:50;21:20
YYZ;LGA;ER3;1:30;12:20;13:50
YYZ;LHR;767;7:10;21:5;9:15
YYZ;LIR;738;7:30;6:20;12:50
YYZ;MEX;738;7:55;9:5;16:0
YYZ;MIA;738;3:25;6:20;9:45
YYZ;MSP;M80;4:30;14:40;18:10
YYZ;ORD;ER4;1:55;11:50;12:45
YYZ;SCL;763;15:0;15:50;8:50
YYZ;STL;M83;4:5;7:50;10:55
ZAG;BUD;EM2;1:0;10:40;11:40
ZAZ;FRA;CR2;2:20;15:40;18:0
ZAZ;LCG;CR2;1:30;16:0;17:30
ZAZ;LIS;CR2;1:40;10:15;10:55
ZAZ;MAD;CR2;0:50;7:25;8:15
ZAZ;ORY;CR2;1:45;10:55;12:40
ZAZ;SVQ;CR2;1:20;11:30;12:50
ZAZ;VGO;CR2;1:35;11:0;12:35
ZBL;BLT;DH3;0:40;7:30;8:10
ZBL;BNE;DH3;1:10;7:30;8:40
ZCO;BBA;318;1:25;10:55;12:20
ZCO;PMC;318;0:50;14:35;15:25
ZCO;SCL;318;1:20;10:25;11:45
ZCO;ZOS;318;0:40;11:25;12:5
ZIH;DFW;M80;2:55;15:0;17:55
ZNE;PER;717;1:40;8:0;9:40
ZOS;SCL;318;1:30;12:35;14:5
ZOS;ZCO;318;0:40;17:50;18:30
ZQN;AKL;733;1:50;12:30;14:20
ZQN;CHC;733;0:50;9:10;10:0
ZQN;SYD;73H;3:10;14:45;15:55
ZRH;BUD;DH4;1:50;10:10;12:0
ZRH;HEL;319;2:45;19:5;22:50
ZRH;JFK;763;9:10;10:30;13:40
ZRH;LCY;AR1;1:40;10:20;11:0
ZRH;LGW;734;1:40;11:0;11:40
ZRH;LHR;319;1:50;14:50;15:40
ZRH;MAD;319;2:10;7:40;9:50
